id,maxDL1Mpos_abt,maxDL2Mpos_abt,maxDL1Mneg_abt,maxDL2Mneg_abt,maxDL1V_abt,maxDL2V_abt,maxDL1rxn_abt,maxDL2rxn_abt,maxDL1fbpos_abt,maxDL2fbpos_abt,maxDL1fbneg_abt,maxDL2fbneg_abt,maxLLMpos_abt,maxLLMneg_abt,maxLLV_abt,maxLLrxn_abt,maxLLfbpos_abt,maxLLfbneg_abt,ctrtg_st1_pos_abt,ctrtg_st1_neg_abt,ctrtg_sv2_pos_abt,ctrtg_sv2_neg_abt,ctrtg_v_abt,DL1M_ctrtg_st1_pos_abt,DL2M_ctrtg_st1_pos_abt,LLM_ctrtg_st1_pos_abt,DL1fb_ctrtg_st1_neg_abt,DL2fb_ctrtg_st1_neg_abt,LLfb_ctrtg_st1_neg_abt,DL1fb_ctrtg_sv2_pos_abt,DL2fb_ctrtg_sv2_pos_abt,LLfb_ctrtg_sv2_pos_abt,DL1fb_ctrtg_sv2_neg_abt,DL2fb_ctrtg_sv2_neg_abt,LLfb_ctrtg_sv2_neg_abt,DL1V_ctrtg_v_abt,DL2V_ctrtg_v_abt,LLV_ctrtg_v_abt,loc_ctrtg_st1_pos_abt,loc_ctrtg_st1_neg_abt,loc_ctrtg_sv2_pos_abt,loc_ctrtg_sv2_neg_abt,loc_ctrtg_v_abt,maxDL1Mpos_pier,maxDL2Mpos_pier,maxDL1Mneg_pier,maxDL2Mneg_pier,maxDL1V_pier,maxDL2V_pier,maxDL1rxn_pier,maxDL2rxn_pier,maxDL1fbpos_pier,maxDL2fbpos_pier,maxDL1fbneg_pier,maxDL2fbneg_pier,maxLLMpos_pier,maxLLMneg_pier,maxLLV_pier,maxLLrxn_pier,maxLLfbpos_pier,maxLLfbneg_pier,ctrtg_st1_pos_pier,ctrtg_st1_neg_pier,ctrtg_sv2_pos_pier,ctrtg_sv2_neg_pier,ctrtg_v_pier,DL1M_ctrtg_st1_pos_pier,DL2M_ctrtg_st1_pos_pier,LLM_ctrtg_st1_pos_pier,DL1fb_ctrtg_st1_neg_pier,DL2fb_ctrtg_st1_neg_pier,LLfb_ctrtg_st1_neg_pier,DL1fb_ctrtg_sv2_pos_pier,DL2fb_ctrtg_sv2_pos_pier,LLfb_ctrtg_sv2_pos_pier,DL1fb_ctrtg_sv2_neg_pier,DL2fb_ctrtg_sv2_neg_pier,LLfb_ctrtg_sv2_neg_pier,DL1V_ctrtg_v_pier,DL2V_ctrtg_v_pier,LLV_ctrtg_v_pier,loc_ctrtg_st1_pos_pier,loc_ctrtg_st1_neg_pier,loc_ctrtg_sv2_pos_pier,loc_ctrtg_sv2_neg_pier,loc_ctrtg_v_pier
Steel_1_1_1,12873050.01,1844702.953,-8760.002634,-22991.11044,49745.286,9397.276631,50409.70148,10388.11993,10784.15401,1321.275448,-7.209861443,-18.72201875,13769017,-66217.10938,63092.69531,74024.82813,9139.428711,-55.47184372,2.64170716,,3.054502917,,1.497738004,12190661.74,1789409.73,13769017,,,,9926.993375,1281.671469,9139.428711,,,,48826.28531,2942.151471,74003.08594,"0.54545,8,1",NaN,"0.54545,8,1",NaN,"1,2",,,,,,,,,,,,,,,,,,,,,,,,,,,,,,,,,,,,,,,,,,,
Steel_1_1_2,3290127.073,682142.59,-1096.851033,-10969.08733,22968.89874,6339.151581,23630.95191,7424.268041,8329.040115,1428.614788,-3.186143196,-31.53719665,5277579.5,-34271.78125,39725.24609,55564.15234,9248.994141,-86.75952911,3.036842742,,3.25406099,,1.543994904,3290127.073,23337.61192,5277579.5,,,,8329.040115,45.13154715,9248.994141,,,,23617.17141,0,55564.14453,"0.58333,4,1",NaN,"0.58333,4,1",NaN,"1,4",,,,,,,,,,,,,,,,,,,,,,,,,,,,,,,,,,,,,,,,,,,
Steel_1_1_3,19472292.18,3672020.25,-39018.61794,-115518.6889,62894.68372,13779.82638,65131.24551,15925.60149,12300.04605,1976.324499,-24.98419962,-73.74836156,17736644,-354514.25,76662.69531,85033.48438,9001.05957,-219.9897003,2.873168799,,2.992111569,,1.688171864,19472292.18,747134.8385,17736644,,,,12083.44971,404.7234753,9001.05957,,,,65131.24551,0,85033.48438,"0.51852,4,1",NaN,"0.51852,4,1",NaN,"1,5",,,,,,,,,,,,,,,,,,,,,,,,,,,,,,,,,,,,,,,,,,,
Steel_1_1_4,65681645.05,4642464.22,-2531.748374,-4933.5709,143261.7148,13720.44441,143511.3877,14453.0326,13768.31694,877.3804435,-0.546646578,-1.012228506,46025224,-17336.23242,81145.02344,88127.14063,8127.510742,-5.822451115,3.102533391,,3.137202043,,1.808065057,65680160.36,4642464.22,46025224,,,,13475.68326,877.3804435,8127.510742,,,,82714.3353,4253.683505,88126.63281,"0.52778,7,1",NaN,"0.52778,7,1",NaN,"2,6",,,,,,,,,,,,,,,,,,,,,,,,,,,,,,,,,,,,,,,,,,,
Steel_1_1_5,56824429.87,5008703.247,-31134.24953,-35044.52496,117613.0686,14421.39654,118866.6784,15281.20534,18695.7241,1469.356617,-10.25797066,-11.52992977,37447064,-316333.5,95379.54688,102581.75,10107.93555,-108.889389,2.236828992,,2.085996326,,7.574825764,56788145.53,4891619.854,37406892,,,,18683.74574,1435.008952,10097.0918,,,,118866.6784,14143.08302,88433.75,"0.5,6,1",NaN,"0.5,6,1",NaN,"1,6",,,,,,,,,,,,,,,,,,,,,,,,,,,,,,,,,,,,,,,,,,,
Steel_1_1_6,17113189.28,3492290.65,-4071.241776,-115221.6783,52042.18141,13934.80223,53256.52877,16522.95641,11185.00316,1991.353859,-2.824662668,-75.14315115,15346454,-257218.4375,69615.5625,72072.17969,8285.341797,-175.530899,3.403377156,,3.287052867,,1.623237252,16109635.35,1885719.571,15346454,,,,10993.62037,1101.716178,8285.341797,,,,49712.59349,6881.714154,71058.75,"0.53571,9,1",NaN,"0.53571,9,1",NaN,"1,2",,,,,,,,,,,,,,,,,,,,,,,,,,,,,,,,,,,,,,,,,,,
Steel_1_1_7,5422218.429,943948.5471,-26411.82731,-41461.4753,32614.12134,7083.73176,33708.54995,8290.021888,10494.11823,1417.782125,-51.4293186,-80.24415867,6782438.5,-311191.8125,65252.61328,79525.73438,9056.3125,-614.0228271,3.141729511,,3.142840714,,1.246325016,4930114.93,727577.1625,6408495.5,,,,9868.830163,629.8579006,9056.3125,,,,33708.22677,0,79525.73438,"0.4,6,1",NaN,"0.53333,3,1",NaN,"1,5",,,,,,,,,,,,,,,,,,,,,,,,,,,,,,,,,,,,,,,,,,,
Steel_1_1_8,43775647.64,4520965.317,-51033.54992,-42505.3161,103152.4592,13840.70478,104432.4346,14796.33605,16135.48192,1516.92154,-18.84561661,-15.66728823,28747808,-1023512.75,95910.82813,102556.2422,9241.648438,-397.7107239,2.512078106,,2.543160465,,1.607221007,43372691.32,4496339.928,27882846,,,,15857.08223,1089.024351,9241.648438,,,,104404.5565,13868.93397,79124.1875,"0.48571,6,1",NaN,"0.54286,2,1",NaN,"1,6",,,,,,,,,,,,,,,,,,,,,,,,,,,,,,,,,,,,,,,,,,,
Steel_1_1_9,48921356.66,6260381.604,-65347.95136,-166017.0948,110943.7765,18004.21483,113925.388,21278.81869,13690.77075,2117.879312,-24.14539694,-60.94228597,31273408,-361683.2188,94811.9375,99210.42969,6927.171387,-95.63344574,3.723369774,,3.826767117,,2.894250631,48092063.52,1345252.367,31273408,,,,12716.20111,322.5257136,6927.171387,,,,85481.62272,21278.81869,46186.28125,"0.51351,5,1",NaN,"0.51351,5,1",NaN,"1,7",,,,,,,,,,,,,,,,,,,,,,,,,,,,,,,,,,,,,,,,,,,
Steel_1_1_10,4213466.257,917875.382,-26934.68501,-57102.59174,26856.9151,7295.649035,27515.48287,8454.437755,10031.27049,1789.233224,-72.00336765,-151.9404055,6028098,-233383.9688,59855.95313,65589.26563,9477.454102,-538.2669067,2.862281061,,3.044913596,,1.411626697,4190364.184,182478.5112,6028098,,,,9664.518297,320.0441948,9477.454102,,,,27515.48287,0,65589.26563,"0.57143,3,1",NaN,"0.57143,3,1",NaN,"2,4",,,,,,,,,,,,,,,,,,,,,,,,,,,,,,,,,,,,,,,,,,,
Steel_1_1_11,42922004.68,4707499.298,-2000.738106,-19982.24163,87833.67651,12655.61638,88238.99765,13327.16104,15430.4633,1513.688392,-0.771062805,-7.179350931,36214140,-82381.29688,67708.94531,77185.29688,10762.14648,-59.18160248,2.343361456,,2.184683611,,1.570726633,42920750.68,4707499.298,36214140,,,,15420.86105,1513.688392,10762.14648,,,,88236.51871,13320.47113,61633.92188,"0.525,6,1",NaN,"0.525,6,1",NaN,"1,6",,,,,,,,,,,,,,,,,,,,,,,,,,,,,,,,,,,,,,,,,,,
Steel_1_1_12,3705813.646,655100.972,716.0646951,-571.006732,27131.50156,5903.886316,26697.42568,7076.96337,9781.614941,722.1294686,2.64949302,-0.804361148,4323535,-6514.931641,33443.29297,54286.36328,9301.014648,-24.08684731,3.330631806,,3.113227005,,1.362663507,2645684.235,30749.16146,4323535,,,,9781.607249,75.37177482,9301.014648,,,,,,,"0.63636,4,1",NaN,"0.63636,4,1",NaN,"1,2,4,5",,,,,,,,,,,,,,,,,,,,,,,,,,,,,,,,,,,,,,,,,,,
Steel_1_1_13,16425902.67,2474498.817,-138182.8838,-168336.4366,67812.92098,11200.63485,71414.08082,13290.60093,14815.31153,1845.066973,-124.7333577,-151.831827,14109491,-558653,89467.99219,99050.28125,9482.035156,-512.0037231,2.878885432,,2.772275919,,1.476556182,16401336.91,2270407.827,12224652,,,,12911.47505,415.6619051,9482.035156,,,,69804.98037,0,99050.28125,"0.63636,1,1",NaN,"0.54545,3,1",NaN,"2,3",,,,,,,,,,,,,,,,,,,,,,,,,,,,,,,,,,,,,,,,,,,
Steel_1_1_14,13236470.81,1957357.699,-20000.31589,-53468.4398,49778.79954,9544.527664,51167.53697,10699.54454,10939.74921,1429.446407,-18.45863733,-44.19095056,14574362,-333777.4375,62157.78906,69387.875,9846.59668,-357.891449,2.436487538,,2.772519846,,1.161314249,13131076.51,1826658.843,14501883,,,,10852.64541,1333.997828,9797.628906,,,,51163.27979,9020.394702,69387.875,"0.58333,1,1",NaN,"0.58333,1,1",NaN,"1,6",,,,,,,,,,,,,,,,,,,,,,,,,,,,,,,,,,,,,,,,,,,
Steel_1_1_15,11090441.86,2154388.068,-73290.14451,-117011.6832,46456.73029,10968.01285,47930.72876,12286.27507,11072.60537,2020.36372,-84.23586241,-134.2973475,13827063,-324471.5625,75044.08594,81862.4375,10567.99414,-372.4044495,2.39525274,,2.524728177,,1.442176104,9571662.901,2103546.093,12472207,,,,10985.59077,1972.684621,10524.12598,,,,47128.85642,5150.555817,81581.21875,"0.5,6,1",NaN,"0.5,6,1",NaN,"1,2",,,,,,,,,,,,,,,,,,,,,,,,,,,,,,,,,,,,,,,,,,,
Steel_1_1_16,17696848.3,1902411.874,-4502.150934,-11578.32436,58008.361,9252.544379,58205.37632,10035.84936,12082.21368,1088.379193,-2.968791009,-7.52484445,18097720,-39229.42969,60885.10547,75088.61719,9649.407227,-28.67274094,2.584945882,,2.784760252,,1.557652473,17687877.95,1873511.132,18097720,,,,11495.48365,1071.844936,9649.407227,,,,56415.00871,3093.045813,75088.25,"0.52,8,1",NaN,"0.52,8,1",NaN,"1,2",,,,,,,,,,,,,,,,,,,,,,,,,,,,,,,,,,,,,,,,,,,
Steel_1_1_17,71054993.43,6984652.989,-248049.6949,-152756.5305,155609.3496,18823.22813,160485.4714,20595.24545,20624.06261,1790.000453,-72.20956658,-44.33820326,35867920,-669410.25,99224.25,104546.7578,8588.166016,-233.5075226,2.507134042,,2.353958859,,1.986133218,70258690.35,6470069.621,35713632,,,,20392.91662,1658.124974,8316.254883,,,,108606.7377,7390.210751,103612.625,"0.6,1,1",NaN,"0.6,1,1",NaN,"2,3",,,,,,,,,,,,,,,,,,,,,,,,,,,,,,,,,,,,,,,,,,,
Steel_1_1_18,3604587.611,699806.087,-2868.925088,-24138.72689,21646.02357,6306.432976,22213.25344,7339.485093,7762.5209,1222.446861,-6.151370981,-51.98324552,5808862.5,-183688.75,47072.86328,52158.01563,9153.935547,-395.5775146,2.883765181,,3.274286278,,1.472441792,3502415.581,568456.3494,5808862.5,,,,7542.612452,993.0003366,9153.935547,,,,22210.67805,6913.706611,52158.01563,"0.46667,8,1",NaN,"0.46667,8,1",NaN,"1,8",,,,,,,,,,,,,,,,,,,,,,,,,,,,,,,,,,,,,,,,,,,
Steel_1_1_19,46835009.16,4422334.307,-11197.10894,-21444.18552,98795.70792,12942.51607,99202.58874,13634.05938,17084.07051,1452.414588,-4.148385462,-7.81456763,31356014,-91630.49219,74335.8125,80019.51563,9572.9375,-38.87823105,2.2625382,,2.329132685,,1.762459159,46835009.16,4413181.312,31353424,,,,17067.35249,1449.408496,9572.146484,,,,95559.62292,6599.690728,80018.05469,"0.51282,6,1",NaN,"0.51282,6,1",NaN,"1,5",,,,,,,,,,,,,,,,,,,,,,,,,,,,,,,,,,,,,,,,,,,
Steel_1_1_20,4917878.847,1145466.648,-4677.261348,-82332.746,27410.87464,8079.168193,28239.55823,9630.031992,9223.102199,1722.147933,-8.893586036,-154.4098659,6127292,-202308.6094,49889.80859,59007.77344,8428.023438,-385.7281189,3.479132329,,3.526260483,,1.460370183,4568889.839,101962.1668,6127292,,,,8711.313472,153.4587339,8428.023438,,,,25610.75172,490.8163483,59007.77344,"0.5625,8,1",NaN,"0.5625,8,1",NaN,"2,2",,,,,,,,,,,,,,,,,,,,,,,,,,,,,,,,,,,,,,,,,,,
Steel_1_1_21,17967926.59,2483255.05,-13644.30994,-56728.77466,53480.1933,10832.82176,54112.85598,11670.07348,12076.82553,1493.772623,-9.279310361,-38.38521415,15954723,-210882.7656,62311.97266,65437.09375,8862.055664,-176.7617035,2.590622206,,2.959728483,,1.529002786,17814329.44,2240860.959,15954723,,,,12053.97453,1347.963333,8862.055664,,,,54112.17518,11415.34874,52203.45313,"0.57143,1,1",NaN,"0.57143,1,1",NaN,"1,7",,,,,,,,,,,,,,,,,,,,,,,,,,,,,,,,,,,,,,,,,,,
Steel_1_1_22,10128523.63,1879792.468,-1825.045779,-2832.016676,48593.78482,10488.3001,49382.70074,11173.67358,13365.61858,1966.446208,-2.396732019,-3.703186381,14963257,-11896.91211,67573.83594,89413.4375,14019.81445,-15.69909859,2.134338308,,1.868975888,,1.261608839,10128523.63,69541.69667,14963257,,,,13365.61858,70.87770375,14019.81445,,,,47908.4668,982.6395597,89413.4375,"0.55556,3,1",NaN,"0.55556,3,1",NaN,"2,2",,,,,,,,,,,,,,,,,,,,,,,,,,,,,,,,,,,,,,,,,,,
Steel_1_1_23,19054121.03,2297205.875,-40413.92977,-107991.6474,63790.12242,10192.1056,64883.88336,12424.10058,12519.81025,1314.617185,-27.88314818,-73.66658171,13441440,-1130351.875,65341.95703,68108.53125,7000.29541,-771.0703735,3.856480363,,3.773209128,,1.466149211,18500027.44,2115920.668,13361502,,,,12155.68334,1210.87348,6958.664063,,,,61043.59905,750.5847585,68107.625,"0.41379,12,1",NaN,"0.41379,12,1",NaN,"1,10",,,,,,,,,,,,,,,,,,,,,,,,,,,,,,,,,,,,,,,,,,,
Steel_1_1_24,3162515.729,588270.0014,-99.52575028,-6097.886418,21481.5468,5517.257974,22168.38527,6659.101999,8086.638419,1157.144922,-0.277016183,-15.42504534,5406572.5,-16024.75391,40404.25,58093.1875,9628.834961,-40.97557068,2.985068367,,3.128667188,,1.403144956,2849449.861,573969.9915,5406572.5,,,,7207.937632,1129.01637,9628.834961,,,,21368.60656,1180.775382,58093.1875,"0.58333,9,1",NaN,"0.58333,9,1",NaN,"1,2",,,,,,,,,,,,,,,,,,,,,,,,,,,,,,,,,,,,,,,,,,,
Steel_1_1_25,19597778.22,2591623.985,-70582.03897,-118958.6013,76809.07737,11331.91607,79299.01056,12935.27064,9679.219118,1140.721999,-43.8540962,-58.75358424,17548098,-558406.0625,74697.13281,88888.82813,7435.607422,-521.0570068,3.467892732,,3.991848059,,1.490085483,19544566.56,2434439.886,17548098,,,,8422.421136,491.2192912,7435.607422,,,,54585.53859,0,88888.82813,"0.59091,1,1",NaN,"0.54545,3,1",NaN,"2,2",,,,,,,,,,,,,,,,,,,,,,,,,,,,,,,,,,,,,,,,,,,
Steel_1_1_26,16512236.65,1863957.409,-2878.820677,-21530.23279,59596.02766,9615.395837,60413.09588,10512.38792,8656.668694,1250.778548,-2.355491463,-17.34674634,14688672,-50225.49219,61635.05078,71307.51563,5777.494141,-25.71470642,4.881266941,,5.106694542,,11.72426224,16512236.65,1576412.595,14688672,,,,8454.02839,690.9044744,5777.494141,,,,60412.45733,3496.383974,71307.5,"0.56522,7,1",NaN,"0.56522,7,1",NaN,"2,2",,,,,,,,,,,,,,,,,,,,,,,,,,,,,,,,,,,,,,,,,,,
Steel_1_1_27,58261838.19,5267850.648,-48984.8317,-147365.1574,145612.6322,15036.04771,147479.1084,16760.4996,17308.60456,1401.895204,-14.60849977,-43.77961834,33455620,-815995.75,94194.45313,103610.2109,8220.195313,-341.1663818,2.943830295,,2.731914556,,0.9556669,58001615.88,5132410.793,33121972,,,,17231.36336,1365.851569,8138.216309,,,,147474.9735,16760.4996,103610.2109,"0.58974,1,1",NaN,"0.58974,1,1",NaN,"1,8",,,,,,,,,,,,,,,,,,,,,,,,,,,,,,,,,,,,,,,,,,,
Steel_1_1_28,9601016.781,1472463.012,-30841.09864,-42996.79672,46717.40416,8845.121431,47561.86363,9617.787839,10851.31159,1431.633253,-36.31716458,-50.59277242,11542733,-154922.3438,74642.6875,83951.125,9795.460938,-171.1765289,2.510049194,,2.778258695,,1.535561204,9188662.034,1346811.39,11078994,,,,10811.91231,1309.465811,9795.460938,,,,47561.86363,0,83951.125,"0.61111,1,1",NaN,"0.61111,1,1",NaN,"1,4",,,,,,,,,,,,,,,,,,,,,,,,,,,,,,,,,,,,,,,,,,,
Steel_1_1_29,2220134.605,462651.6778,104.1589393,-21345.877,16441.61732,4864.402754,17007.96151,6531.66933,7700.060857,1144.029168,0.511854872,-72.60927757,3503070,-46120.49609,31960.5332,42913.60156,7847.672363,-159.9584961,3.806377894,,3.89095974,,1.74629283,2199432.587,69833.08075,3503070,,,,7442.189267,747.2586756,7771.575195,,,,16568.2515,676.2389505,42913.59375,"0.63636,9,1",NaN,"0.63636,11,1",NaN,"2,2",,,,,,,,,,,,,,,,,,,,,,,,,,,,,,,,,,,,,,,,,,,
Steel_1_1_30,13871707.51,2375947.275,-12403.71804,-100764.7434,50937.89923,12449.49531,52004.81136,14644.90217,10620.93429,1601.192457,-9.750693603,-77.15195051,10526416,-191955.5625,50600.23047,61223.04297,6709.364258,-146.9734955,4.151214954,,4.231937758,,1.505105734,12466037.31,1384327.402,10452143,,,,9895.196178,953.5520464,6662.023926,,,,52003.89491,14644.90217,45686.16406,"0.57692,2,1",NaN,"0.57692,2,1",NaN,"1,12",,,,,,,,,,,,,,,,,,,,,,,,,,,,,,,,,,,,,,,,,,,
Steel_1_1_31,2154100.889,367867.0303,-691.2808855,-13997.30957,15482.91982,4348.245417,15971.7575,5800.793533,6484.941113,837.9688576,-1.92370893,-41.98106206,3732886,-34809.92578,33060.73047,38579.91797,7677.568848,-105.6715622,3.826812983,,4.039558381,,2.236839533,2154100.889,316570.4245,3732886,,,,6460.696455,721.119685,7677.568848,,,,15721.50422,582.8126877,38579.91797,"0.58333,1,1",NaN,"0.58333,1,1",NaN,"2,2",,,,,,,,,,,,,,,,,,,,,,,,,,,,,,,,,,,,,,,,,,,
Steel_1_1_32,6743926.598,1281777.632,-187313.2039,-225176.7804,40343.25636,7930.350531,40301.27367,10968.37263,11963.14659,1811.876964,-343.4301003,-399.4396456,6670343.5,-722183.5,65075.71094,68694.78125,8522.463867,-1322.355957,2.942305248,,3.083102079,,1.140578389,6743147.831,1090444.71,6638753,,,,11962.04426,1541.415298,8482.101563,,,,39831.98435,10968.37263,56484.40234,"0.70588,1,1",NaN,"0.70588,1,1",NaN,"1,7",,,,,,,,,,,,,,,,,,,,,,,,,,,,,,,,,,,,,,,,,,,
Steel_1_1_33,16365207.85,2192436.148,-43465.20504,-101894.2848,59404.73936,10433.29348,60943.60448,12695.33073,12104.58042,1429.986483,-32.30496521,-75.36685463,13940471,-327528.9688,64110.85156,67259.84375,8409.239258,-242.259201,2.936453627,,3.165128848,,1.072078943,15785257.6,2054447.461,13893426,,,,11675.56102,1339.98525,8380.860352,,,,60941.90492,12695.33073,63563.43359,"0.40741,11,1",NaN,"0.40741,11,1",NaN,"1,11",,,,,,,,,,,,,,,,,,,,,,,,,,,,,,,,,,,,,,,,,,,
Steel_1_1_34,6589552.963,1163992.057,-2103.19493,-30930.67923,30502.02075,7867.817947,31056.81043,9278.829335,9573.429262,1400.801758,-3.129164123,-44.93698323,6957235.5,-81213.76563,48370.48438,51408.39844,7743.508301,-121.9707413,3.458485252,,3.765125226,,1.561661601,6212105.381,219111.6376,6957235.5,,,,9329.688688,268.4493392,7743.508301,,,,30960.7616,0,51408.39844,"0.55556,9,1",NaN,"0.55556,9,1",NaN,"1,8",,,,,,,,,,,,,,,,,,,,,,,,,,,,,,,,,,,,,,,,,,,
Steel_1_1_35,10791334.65,1571404.081,-24447.36286,-63532.13839,45928.25863,9630.482612,46969.93255,12100.02535,11614.18186,1430.830015,-26.71802059,-68.37823089,9787069,-194166.8594,57387.10156,61926.19531,8171.055176,-208.977478,2.871397682,,3.306000001,,1.340908408,10762940.99,1392891.918,9787069,,,,11583.77892,1268.287125,8061.783691,,,,46968.81676,12100.02535,51790.3125,"0.52381,1,1",NaN,"0.52381,1,1",NaN,"1,10",,,,,,,,,,,,,,,,,,,,,,,,,,,,,,,,,,,,,,,,,,,
Steel_1_1_36,16855660.33,2198646.96,-17124.34712,-52514.21027,57843.52163,9874.2285,59263.34841,10931.43657,11972.7884,1399.047692,-12.38027423,-37.30171569,13979229,-269223.5625,62954.84375,63544.8125,8258.587891,-197.536377,2.750691605,,3.20064555,,1.257419109,16855660.33,1986704.118,13938698,,,,11972.7884,1264.183774,8234.643555,,,,59261.8521,10197.51994,62377.05469,"0.57692,1,1",NaN,"0.57692,1,1",NaN,"1,7",,,,,,,,,,,,,,,,,,,,,,,,,,,,,,,,,,,,,,,,,,,
Steel_1_1_37,37200084.76,4010921.789,-2599.968146,-9278.260244,86355.41015,13314.06154,86604.93432,13949.53307,15558.67829,1421.209994,-1.073561122,-3.756646771,28918000,-24529.7793,66942.51563,83712.0625,9404.930664,-10.77881813,2.79602176,,2.5376756,,1.553932786,37200084.76,3983535.389,28918000,,,,15061.83198,1411.506033,9404.930664,,,,84969.96451,4932.378545,83711.85156,"0.54286,7,1",NaN,"0.54286,7,1",NaN,"1,2",,,,,,,,,,,,,,,,,,,,,,,,,,,,,,,,,,,,,,,,,,,
Steel_1_1_38,8903640.987,1683328.381,-72366.75519,-95704.71117,45471.27951,9921.445569,46375.09299,11150.81517,13806.16448,1943.683343,-109.3885175,-144.5155363,11217650,-298422.8125,71860.4375,80270.22656,11526.29883,-462.7342224,2.487432309,,2.229265486,,1.481902242,8407076.987,1650804.574,9930535,,,,13806.16448,290.1013177,11526.29883,,,,44089.40704,0,80270.22656,"0.5,6,1",NaN,"0.55556,3,1",NaN,"1,4",,,,,,,,,,,,,,,,,,,,,,,,,,,,,,,,,,,,,,,,,,,
Steel_1_1_39,50703085.87,6081577.391,-160890.8806,-250467.5152,127177.9649,17928.55277,130711.4932,19908.04741,21122.88135,2129.202134,-67.10420461,-104.3451169,25997456,-672353,100210.0938,112151.6797,8539.487305,-282.2718811,2.914602399,,2.40981269,,1.785751224,44008336.96,3392018.794,25936882,,,,21052.75185,2018.539189,7797.832031,,,,115740.6091,0,112151.6797,"0.52778,2,1",NaN,"0.58333,1,1",NaN,"1,5",,,,,,,,,,,,,,,,,,,,,,,,,,,,,,,,,,,,,,,,,,,
Steel_1_1_40,8393004.899,1273800.295,-9902.629457,-40822.12297,38092.22214,8104.143119,38808.75067,9417.737982,10965.78758,1350.620746,-13.06110619,-53.33615176,8286379.5,-352768.3438,61216.3125,65592.03125,7977.534668,-479.1691589,3.252849715,,3.415930621,,1.400748014,8284558.677,1178938.296,8286379.5,,,,10824.04576,1250.037802,7977.534668,,,,38594.797,0,65592.03125,"0.47368,10,1",NaN,"0.47368,10,1",NaN,"1,7",,,,,,,,,,,,,,,,,,,,,,,,,,,,,,,,,,,,,,,,,,,
Steel_1_1_41,19021582.36,2754176.895,-36837.90497,-41041.96993,67674.6,11563.87367,68497.56276,12288.45104,12510.49843,1520.993602,-23.69982456,-26.32317331,18316600,-514315.7188,86671.21875,92719.04688,9382.141602,-338.2622681,2.969048565,,2.829541621,,1.517068505,18697238.81,2754176.895,17247982,,,,12221.91888,766.7729235,9382.141602,,,,68497.56276,0,92719.04688,"0.52,7,1",NaN,"0.56,2,1",NaN,"1,5",,,,,,,,,,,,,,,,,,,,,,,,,,,,,,,,,,,,,,,,,,,
Steel_1_1_42,23659939.62,3007413.617,-108486.7875,-357902.7379,122774.4299,14769.28866,124775.1126,17562.63742,14882.81061,1625.157307,-68.65051449,-244.5109024,15873750,-2441745.75,100914.2188,119381.4688,7788.819824,-1844.236816,3.344882234,,3.077182741,,1.927259564,23640447.54,2722923.325,15873750,,,,14870.6681,1471.42339,7788.819824,,,,47348.03768,3735.170998,64815.03906,"0.6129,1,1",NaN,"0.6129,1,1",NaN,"1,3",,,,,,,,,,,,,,,,,,,,,,,,,,,,,,,,,,,,,,,,,,,
Steel_1_1_43,16646063.99,2352443.845,311.4440627,-4297.14663,51656.59908,10597.30426,52189.8664,11354.72011,11712.88976,1439.069619,0.192828457,-2.93618889,14161526,-6628.74707,42841.85547,59907.69531,7577.30127,-4.664262772,3.610134419,,3.585842437,,2.75594902,16646063.99,778069.2466,14161526,,,,11712.88976,464.7992547,7577.30127,,,,50155.15057,11354.72011,26023.22266,"0.55556,5,1",NaN,"0.55556,5,1",NaN,"1,8",,,,,,,,,,,,,,,,,,,,,,,,,,,,,,,,,,,,,,,,,,,
Steel_1_1_44,10510195.12,1539504.479,-1518.162951,-23058.32029,38256.39689,8708.083673,38813.68414,9755.006961,9892.600784,1259.411471,-1.395684906,-21.43584554,11286772,-56965.19531,44107.43359,51692.47656,8481.342773,-58.88916397,2.749963476,,3.311592947,,1.60477078,10510195.12,1530572.212,11275784,,,,9770.660564,1252.104316,8473.085938,,,,35564.44919,2144.004233,51692.47656,"0.52174,8,1",NaN,"0.52174,8,1",NaN,"2,2",,,,,,,,,,,,,,,,,,,,,,,,,,,,,,,,,,,,,,,,,,,
Steel_1_1_45,31269244.8,2950998.984,-192.0124969,-1430.140566,86735.13131,11041.1584,87420.78423,11700.94041,14573.28844,1243.456214,-0.114882138,-0.666457729,25575220,-5033.169434,73077.78125,95110.9375,10061.13672,-2.345742941,2.15409811,,2.438391287,,1.536037683,30842131.52,2929580.749,25575208,,,,14372.69658,1234.431257,10061.13281,,,,86912.78444,4965.708562,95110.40625,"0.51613,6,1",NaN,"0.51613,6,1",NaN,"2,5",,,,,,,,,,,,,,,,,,,,,,,,,,,,,,,,,,,,,,,,,,,
Steel_1_1_46,50061695.04,4883839.969,-32999.85565,-89571.19184,108764.7269,14543.48991,110032.9711,15623.17173,18183.92812,1536.967976,-12.06262726,-35.3524449,31440748,-1964026,92803.21875,95746.54688,9050.15625,-775.1724854,2.860665083,,2.39622406,,1.27550292,48938256.9,4608085.743,31440748,,,,17987.16551,1493.698812,8994.643555,,,,110032.9711,15553.75229,88930.03125,"0.4359,8,1",NaN,"0.46154,8,1",NaN,"1,8",,,,,,,,,,,,,,,,,,,,,,,,,,,,,,,,,,,,,,,,,,,
Steel_1_1_47,33666018.19,3547215.096,-12454.49582,-10853.31967,89356.50891,12209.52394,90221.75537,12743.78038,14994.02108,1387.94684,-5.576283386,-4.813586264,25714484,-31735.71094,79755.20313,95218.30469,9354.650391,-14.40721893,2.595792874,,2.566063794,,1.642795086,33666018.19,3482600.655,25714484,,,,14931.31678,1362.664638,9354.650391,,,,89853.0179,6051.329226,95217.78125,"0.53125,5,1",NaN,"0.53125,5,1",NaN,"1,4",,,,,,,,,,,,,,,,,,,,,,,,,,,,,,,,,,,,,,,,,,,
Steel_1_1_48,7839950.032,1133515.305,-9386.515965,-19365.67446,39917.58608,7543.358251,40653.79671,8497.212851,11977.76844,1316.158683,-13.99554202,-28.64108558,9313593,-59270.05078,56983.76563,69193,9937.799805,-90.55115509,3.047444584,,2.736734536,,1.459769011,7718747.892,301583.317,9313593,,,,11792.59517,351.148914,9937.799805,,,,40304.76307,799.845264,69192.89063,"0.58824,3,1",NaN,"0.58824,3,1",NaN,"2,3",,,,,,,,,,,,,,,,,,,,,,,,,,,,,,,,,,,,,,,,,,,
Steel_1_1_49,11044932.25,1931785.913,-58678.5083,-139085.7446,53260.77114,10026.75421,55279.90289,11484.20746,10960.51225,1639.265326,-58.31096962,-138.0216117,9471043,-402204.75,80921.02344,86941.84375,7532.913086,-410.5861816,3.442574187,,3.704946069,,1.316752195,10761655.88,1598743.238,9360703,,,,10679.5145,1356.653622,7363.095215,,,,55278.71602,0,86941.84375,"0.7,1,1",NaN,"0.7,1,1",NaN,"2,2",,,,,,,,,,,,,,,,,,,,,,,,,,,,,,,,,,,,,,,,,,,
Steel_1_1_50,33422272.87,3408220.864,-10138.61502,-8926.606598,90528.35679,11981.14818,91317.53499,12555.79205,14239.59493,1381.763694,-4.825465205,-4.218228898,25621652,-24382.03906,79571.0625,95249.70313,9091.891602,-10.38796616,2.666608217,,2.721278114,,1.609338045,33422272.87,2902885.782,25621652,,,,14239.59493,1096.369755,9091.891602,,,,91317.53499,5939.842538,95249.07813,"0.54839,3,1",NaN,"0.54839,3,1",NaN,"1,4",,,,,,,,,,,,,,,,,,,,,,,,,,,,,,,,,,,,,,,,,,,
Steel_1_1_51,7582480.238,1401782.691,-31829.71438,-101255.6626,39973.25356,8650.85797,41262.80531,10000.11917,10381.79981,1592.511996,-43.65162011,-138.6383392,7556768.5,-346716.0938,56726.63281,68656.47656,8329.15918,-527.5115356,3.442506006,,3.443422629,,1.539565086,6391652.347,582051.2928,7514140.5,,,,9724.674654,700.593138,8282.173828,,,,41262.80531,0,66547.9375,"0.58824,2,1",NaN,"0.58824,2,1",NaN,"2,3",,,,,,,,,,,,,,,,,,,,,,,,,,,,,,,,,,,,,,,,,,,
Steel_1_1_52,27166644.21,4036121.446,-333552.0841,-319393.0126,93343.38065,15363.04288,98098.04803,17598.98053,17954.11567,2132.193675,-201.5640031,-211.0826843,16910730,-1661210.5,87346.85938,107664.1094,7910.068359,-1003.591858,3.246753881,,2.688023383,,1.646770239,23294274.41,1826427.566,16547413,,,,17954.11567,1904.70101,7910.068359,,,,95989.24387,161.8448523,107637.5313,"0.53571,2,1",NaN,"0.60714,1,1",NaN,"2,2",,,,,,,,,,,,,,,,,,,,,,,,,,,,,,,,,,,,,,,,,,,
Steel_1_1_53,33790862.96,2616691.506,-2188.213713,-8625.610149,79320.58789,10177.40813,79604.53855,10789.05565,14596.51384,996.5712377,-0.974235244,-3.693410745,25937414,-32472.9375,62495.57031,75773.82813,9082.629883,-14.92052746,2.845346938,,2.715835167,,6.804859638,33783390.18,2560731.197,25930930,,,,14465.75422,975.2586625,9080.359375,,,,79600.87961,10789.05565,48319.76953,"0.51429,9,1",NaN,"0.51429,9,1",NaN,"1,9",,,,,,,,,,,,,,,,,,,,,,,,,,,,,,,,,,,,,,,,,,,
Steel_1_1_54,2904245.05,580360.8818,-64702.23202,-131262.5243,25645.76952,5856.304598,27552.43594,9556.066901,9755.095063,1411.465265,-217.6805985,-440.9208521,2787115.75,-330419.0625,34200.57422,50091.08594,6587.099609,-1109.902832,4.063459342,,4.560036854,,1.280218482,2100612.882,122619.7934,2787115.75,,,,8117.867607,333.4903193,6587.099609,,,,27550.38225,9556.066901,39493.29297,"0.53846,4,1",NaN,"0.53846,4,1",NaN,"1,10",,,,,,,,,,,,,,,,,,,,,,,,,,,,,,,,,,,,,,,,,,,
Steel_1_1_55,19841234.44,2021418.807,117.9927034,-6727.884476,54663.7557,9442.036817,55139.79367,10118.9381,12061.18528,1065.830119,0.06233959,-4.07532198,15568500,-11791.33691,37842.89844,50974.86719,7439.392578,-9.626653671,3.479427685,,3.568481048,,1.786152363,18485571.69,1491458.903,13487824,,,,11950.29128,1038.177867,7439.392578,,,,51742.04146,2783.677362,50974.86719,"0.53333,10,1",NaN,"0.5,11,1",NaN,"2,9",,,,,,,,,,,,,,,,,,,,,,,,,,,,,,,,,,,,,,,,,,,
Steel_1_1_56,40561415.15,3163452.646,-12829.93808,-12527.10268,96045.48889,11031.62472,96800.6363,11682.87766,15834.05579,1078.567924,-5.044334638,-4.867408656,32906724,-41965.74219,83517.875,96758.49219,10379.17871,-16.30579948,2.491163482,,2.274059482,,1.60654676,40561415.15,3097639.482,32906724,,,,15760.14015,1056.12916,10379.17871,,,,95937.37678,5266.078633,96757.57031,"0.54286,7,1",NaN,"0.54286,7,1",NaN,"1,2",,,,,,,,,,,,,,,,,,,,,,,,,,,,,,,,,,,,,,,,,,,
Steel_1_1_57,37931516.15,4584174.741,-16575.2068,-24766.93246,93537.68236,14485.39919,94435.11525,15383.70059,16210.46323,1647.650102,-6.556812914,-9.746605638,30321474,-61833.82422,89691.92969,101941.8672,10323.25586,-26.42530251,2.153996834,,2.314491236,,1.508932948,37465613.74,4579586.263,30265024,,,,15452.22897,986.7602589,10323.25586,,,,91160.02294,4914.406287,101728.2969,"0.52941,7,1",NaN,"0.52941,2,1",NaN,"1,2",,,,,,,,,,,,,,,,,,,,,,,,,,,,,,,,,,,,,,,,,,,
Steel_1_1_58,46861897.8,5041670.944,-2142.447774,-7305.206784,97868.12466,14983.37871,98138.59632,15467.30154,16830.37426,1589.059505,-0.774872153,-2.567851224,30315020,-21566.76563,67151.6875,85526.23438,8882.964844,-8.360020638,2.625174038,,2.54943776,,1.577340603,46860571.09,5036773.838,30315020,,,,16471.94819,1587.516011,8882.964844,,,,94793.90104,6109.125108,85526.23438,"0.51282,6,1",NaN,"0.51282,6,1",NaN,"1,2",,,,,,,,,,,,,,,,,,,,,,,,,,,,,,,,,,,,,,,,,,,
Steel_1_1_59,23068936.19,1928538.855,619.9538686,-13255.9324,57514.5914,8453.213564,57970.83942,9155.284741,11434.16112,847.5364152,0.310704707,-6.559657335,17230632,-47838.59375,42901.98828,52781.07813,6989.286133,-25.3754425,4.098343828,,3.883703646,,1.90497911,23067083.68,1847766.843,17223632,,,,11414.68505,812.0394786,6986.446777,,,,55177.09478,3308.684603,52781.07813,"0.54545,11,1",NaN,"0.54545,11,1",NaN,"2,9",,,,,,,,,,,,,,,,,,,,,,,,,,,,,,,,,,,,,,,,,,,
Steel_1_1_60,11339533.58,1879741.985,-144185.1058,-275451.1756,61269.08232,10269.97525,64060.983,12673.18116,11940.62854,1675.317033,-151.9229509,-290.0547619,11023053,-1057154.25,69145.70313,85363.53125,9066.50293,-1113.201416,2.519157123,,2.894286904,,1.234253168,11210173.93,1775231.618,11023053,,,,11804.44876,1582.172335,9066.50293,,,,64059.98466,12673.18116,77899.67969,"0.63158,1,1",NaN,"0.63158,1,1",NaN,"1,7",,,,,,,,,,,,,,,,,,,,,,,,,,,,,,,,,,,,,,,,,,,
Steel_1_1_61,38309859.08,3310706.285,-1272.792088,-8291.110287,93295.78484,11746.51364,93685.23155,12451.67934,11437.41026,878.3289576,-0.387025647,-2.37400461,31276410,-30584.32031,60626.53516,68538.67188,7764.307617,-14.80061531,3.329889625,,3.533800119,,1.757012844,38304404.37,3284003.597,31269614,,,,10967.74075,871.244746,7762.620605,,,,61015.13264,3410.581472,68538.67188,"0.51515,9,1",NaN,"0.51515,9,1",NaN,"1,2",,,,,,,,,,,,,,,,,,,,,,,,,,,,,,,,,,,,,,,,,,,
Steel_1_1_62,6553859.774,908237.0376,-24017.05084,-23797.1225,35537.02614,6283.282507,37052.76663,7528.803994,13199.59761,1332.037894,-47.8525802,-47.24536052,9332422,-124590.2656,59836.17969,71640.88281,11783.78223,-247.3539429,2.203588828,,2.178128921,,1.502135038,6477889.575,908237.0376,9057247,,,,13199.59761,933.8264647,11783.78223,,,,36857.31872,1926.387136,71640.88281,"0.5625,5,1",NaN,"0.5625,3,1",NaN,"2,2",,,,,,,,,,,,,,,,,,,,,,,,,,,,,,,,,,,,,,,,,,,
Steel_1_1_63,20138796.47,2809688.785,-76416.60813,-76173.74136,71485.64259,12148.14986,73553.90275,13184.18912,15534.90335,1748.12735,-72.95275935,-58.75999882,16141003,-388923.0625,86012.67969,88998.5,10739.58789,-371.7473145,2.481481722,,2.249859041,,1.665174842,16006397.34,1066995.276,16141003,,,,15299.71399,788.959424,10739.58789,,,,64372.86296,1080.593418,88486.88281,"0.54167,3,1",NaN,"0.54167,3,1",NaN,"1,3",,,,,,,,,,,,,,,,,,,,,,,,,,,,,,,,,,,,,,,,,,,
Steel_1_1_64,2257835.82,489141.0855,-15079.18828,-94421.45171,20697.81472,5465.525527,21654.71205,7336.403661,6145.790417,1349.2385,-56.26025338,-351.6519675,3075362.25,-359055.5313,42031.56641,58610.37109,5898.500977,-945.7840576,5.02557017,,5.373904171,,2.898711681,1488996.527,270521.7221,2387218.5,,,,5546.424751,746.2025443,5898.500977,,,,14082.88717,5655.675415,25692.2207,"0.72727,1,1",NaN,"0.72727,1,1",NaN,"1,12",,,,,,,,,,,,,,,,,,,,,,,,,,,,,,,,,,,,,,,,,,,
Steel_1_1_65,24512714.79,3245886.674,-47188.09831,-157240.4513,84377.27686,12089.91414,86554.45377,13255.60649,13966.89902,1624.224658,-27.06463851,-89.59286149,16640522,-1181888.375,85907.94531,90234.98438,7716.829102,-712.4431152,3.240290223,,3.22383481,,1.347638726,24057006.63,2902593.337,16640068,,,,13707.32255,1452.442473,7716.618652,,,,86553.26616,12521.14458,73918.08594,"0.65517,1,1",NaN,"0.65517,1,1",NaN,"1,6",,,,,,,,,,,,,,,,,,,,,,,,,,,,,,,,,,,,,,,,,,,
Steel_1_1_66,48676185.31,4931175.479,-121246.4358,-182415.8787,139259.4027,16153.08521,142029.2021,18090.07802,18414.74842,1668.799491,-46.0186645,-69.01026717,26793506,-2010491.875,106364.375,114615.7656,8436.439453,-757.8000488,2.664170202,,2.507838683,,1.176648855,48658879.26,4690401.642,26793506,,,,18408.28479,1587.317245,8436.439453,,,,142025.8284,17607.52084,95922.375,"0.56757,1,1",NaN,"0.56757,1,1",NaN,"1,7",,,,,,,,,,,,,,,,,,,,,,,,,,,,,,,,,,,,,,,,,,,
Steel_1_1_67,33333129.55,2959532.258,-4821.730275,-23787.55125,76119.44395,10301.32624,76909.94048,11165.48177,14751.04316,1180.628025,-2.162589189,-10.52678989,19564334,-287477.2813,65519.12109,73557.375,7193.543457,-140.4763489,3.330141758,,3.389752717,,1.495602608,33333129.55,2630384.967,19564334,,,,14751.04316,1049.323318,7193.543457,,,,68918.39996,2327.254658,73557.375,"0.54054,1,1",NaN,"0.54054,1,1",NaN,"1,7",,,,,,,,,,,,,,,,,,,,,,,,,,,,,,,,,,,,,,,,,,,
Steel_1_1_68,17902296.62,3154304.148,-62698.70995,-243399.004,63889.80577,14195.74408,65747.71899,17127.93408,13020.15847,1963.343513,-46.09478782,-181.3588208,12713529,-299611.7188,66407.78906,73039.40625,7108.682617,-217.907135,4.283547666,,3.921908869,,9.041904449,14441292.72,798317.8436,12713529,,,,10760.48941,496.0235736,7108.682617,,,,45448.0366,1647.565718,73033.50781,"0.5,5,1",NaN,"0.5,5,1",NaN,"1,3",,,,,,,,,,,,,,,,,,,,,,,,,,,,,,,,,,,,,,,,,,,
Steel_1_1_69,4192198.508,714711.2936,-79540.95418,-81673.18428,33094.14455,6604.631142,35429.87534,7968.86786,12487.974,1481.252877,-231.1833433,-236.9067684,5363512,-420074.4375,60753.64453,79422.3125,9912.711914,-1251.447144,3.347769252,,2.708696148,,1.292641401,4192198.508,52107.65268,5363512,,,,12487.974,106.3440492,9912.711914,,,,35429.61062,94.99400676,79420.375,"0.63636,3,1",NaN,"0.63636,3,1",NaN,"1,6",,,,,,,,,,,,,,,,,,,,,,,,,,,,,,,,,,,,,,,,,,,
Steel_1_1_70,5553941.522,954849.0233,-70410.79189,-63734.514,38135.38231,7294.614212,39750.561,8465.017011,15097.266,1690.796375,-188.0454108,-169.9977474,7086012.5,-221391.9531,64764.34766,78847.48438,10783.94043,-605.0683594,2.932248145,,2.257751988,,1.490303159,5523961.168,435128.316,7086012.5,,,,15097.266,751.0321786,10783.94043,,,,39750.15037,0,78847.48438,"0.57143,2,1",NaN,"0.57143,2,1",NaN,"1,3",,,,,,,,,,,,,,,,,,,,,,,,,,,,,,,,,,,,,,,,,,,
Steel_1_1_71,23228154.36,2291751.182,-1487.790819,-17083.2112,61877.24089,9664.337715,62439.64291,10318.78276,12236.80094,1104.116071,-0.862596371,-9.100766867,16314208,-43808.69141,53828.75781,61237.86328,7052.592773,-23.07876968,3.409961134,,3.734524196,,2.510477781,22894425.48,2208300.717,15749412,,,,12196.58669,1063.911445,7052.592773,,,,60062.96096,10318.78276,33006.82031,"0.53125,8,1",NaN,"0.53125,8,1",NaN,"1,8",,,,,,,,,,,,,,,,,,,,,,,,,,,,,,,,,,,,,,,,,,,
Steel_1_1_72,15783381.66,1923125.915,-5628.178665,-40257.72201,56673.45338,9304.21886,57208.11415,10214.20311,10782.44373,1163.228034,-3.904602223,-27.50231349,11895565,-146381.9375,60304.99219,62990.08594,6778.774902,-109.6348495,3.958585739,,4.140078934,,1.447711229,15782581.52,1811651.31,11735348,,,,10781.90123,1095.801152,6618.658203,,,,57207.0546,10023.14479,53448.48047,"0.56,1,1",NaN,"0.56,1,1",NaN,"1,9",,,,,,,,,,,,,,,,,,,,,,,,,,,,,,,,,,,,,,,,,,,
Steel_1_1_73,8953972.948,1974274.901,-1807.585878,-56588.08328,36451.96878,10614.37803,36815.57364,11874.83845,7735.529796,1413.964608,-2.132671105,-46.42781464,10793100,-108291.2578,44398.1875,54274.73438,7460.135742,-129.9978333,3.806097371,,4.089162443,,1.488963008,6391320.813,175068.1697,7844481.5,,,,7672.491538,180.4072436,7458.194824,,,,27397.86846,0,54274.73438,"0.55,7,1",NaN,"0.55,7,1",NaN,"1,7",,,,,,,,,,,,,,,,,,,,,,,,,,,,,,,,,,,,,,,,,,,
Steel_1_1_74,43692189.49,3770809.035,-11522.01529,-33215.99943,96345.55157,12051.95319,96857.51281,12876.66367,16744.80807,1307.604162,-4.435575334,-12.72985836,23378492,-339419.75,74547.72656,81954.9375,7539.195313,-138.0849609,2.888205808,,3.019521526,,1.681978345,43636185.62,3409890.877,23378492,,,,16723.3602,1182.448504,7539.195313,,,,96857.51281,11767.31923,61829.13281,"0.55263,1,1",NaN,"0.55263,1,1",NaN,"1,7",,,,,,,,,,,,,,,,,,,,,,,,,,,,,,,,,,,,,,,,,,,
Steel_1_1_75,31259426.57,3051486.327,-312678.8798,-390558.945,130037.8117,15978.63847,133918.689,19276.00918,16544.91472,1444.839811,-166.4492233,-217.0604607,14697599,-1075994.625,79094.89063,91208.02344,6452.699707,-569.5112915,3.405270094,,3.544016385,,0.440650642,31122347.52,2812298.711,14681370,,,,16472.22339,1331.587529,6445.574707,,,,133918.689,19276.00918,91208.02344,"0.44118,10,1",NaN,"0.44118,10,1",NaN,"1,10",,,,,,,,,,,,,,,,,,,,,,,,,,,,,,,,,,,,,,,,,,,
Steel_1_1_76,25091253.96,3368508.516,-35502.94215,-119158.3493,85010.72981,13383.91216,86747.15668,15172.41403,7015.161045,881.1989575,-9.941925719,-35.81147447,18772618,-354131.625,72594.44531,75654.16406,5930.120117,-281.1889648,5.203697847,,5.241847882,,1.677185774,8339008.746,694384.04,9473717,,,,6621.502834,468.2733172,5930.120117,,,,47446.10179,0,75654.16406,"0.5,3,1",NaN,"0.5,3,1",NaN,"2,2",,,,,,,,,,,,,,,,,,,,,,,,,,,,,,,,,,,,,,,,,,,
Steel_1_1_77,30059084,2911420.902,-6639.782772,-26106.87151,73573.02166,11199.34881,74006.73448,12098.68739,15212.74729,1303.70867,-3.355671033,-12.96576672,24116528,-70475.03125,63120.82031,72700.32813,10015.90234,-41.88284683,2.167121919,,2.403794797,,1.714126587,30059084,2841489.337,24116528,,,,14928.57995,1272.393931,10015.90234,,,,74003.00329,12098.68739,50301.77344,"0.54545,8,1",NaN,"0.54545,8,1",NaN,"1,8",,,,,,,,,,,,,,,,,,,,,,,,,,,,,,,,,,,,,,,,,,,
Steel_1_1_78,28709710.15,3165602.511,-32238.38806,-28134.11248,82244.00839,12274.58516,83878.41412,12917.73658,14555.00655,1387.40265,-16.37247419,-14.26315425,22396900,-146030.375,88755.76563,99305.32813,9169.920898,-77.08457184,2.761770002,,2.676061584,,1.528476357,28709710.15,2911450.779,22396900,,,,14555.00655,1276.014444,9103.210938,,,,83878.41412,2844.038906,99305.32813,"0.55172,1,1",NaN,"0.55172,1,1",NaN,"1,4",,,,,,,,,,,,,,,,,,,,,,,,,,,,,,,,,,,,,,,,,,,
Steel_1_1_79,8569690.841,1621256.186,-37941.99647,-108444.5079,36342.96353,8825.151933,37493.2491,11044.61712,8871.837431,1483.790334,-45.74259963,-112.2681971,8817578,-545354.75,57610.53906,65331.68359,7502.469727,-654.0718384,3.483924478,,3.821523043,,1.313549876,8569690.841,1481674.07,8817578,,,,8871.837431,1356.043345,7502.469727,,,,34121.66136,0,65331.68359,"0.57143,1,1",NaN,"0.57143,1,1",NaN,"1,7",,,,,,,,,,,,,,,,,,,,,,,,,,,,,,,,,,,,,,,,,,,
Steel_1_1_80,37641341,3575708.108,-7776.944523,-11426.98743,103821.9173,9301.290969,104941.743,9709.001383,10421.42447,967.6212848,-3.97083279,-5.79720101,29407332,-54951.15625,85228.125,96771.22656,8036.383789,-25.70846939,3.244417651,,3.456487126,,2.429095268,20541842.39,2165768.478,19407862,,,,10421.42447,967.6212848,8036.383789,,,,58704.53416,9652.31523,48864.62891,"0.53333,5,1",NaN,"0.53333,5,1",NaN,"1,5",,,,,,,,,,,,,,,,,,,,,,,,,,,,,,,,,,,,,,,,,,,
Steel_1_1_81,7008236.51,1434442.096,-49899.07347,-57820.98656,38452.28287,9740.417299,40011.46584,10438.308,12011.87032,1855.508727,-83.26999057,-96.29796922,9821813,-246908.3438,65190.08594,77245.35938,11632.34961,-423.1879883,2.693027625,,2.352756683,,1.400071383,6919491.869,47866.71347,9821813,,,,11859.76526,61.71996443,11632.34961,,,,40011.43428,0,77245.35938,"0.6,6,1",NaN,"0.6,6,1",NaN,"1,5",,,,,,,,,,,,,,,,,,,,,,,,,,,,,,,,,,,,,,,,,,,
Steel_1_1_82,46826661.51,4504596.102,-1120.780478,-3222.889753,103290.716,13952.0972,104075.3773,14575.40907,17796.26749,1472.840616,-0.43617008,-1.178858842,28117314,-10324.85547,68254.44531,91433.21875,8779.15918,-4.012012959,2.604401595,,2.536202183,,1.571605444,46824134.71,4504596.102,28107512,,,,17702.4343,854.6666291,8778.388672,,,,103646.3269,3985.351055,91431.66406,"0.52632,7,1",NaN,"0.52632,5,1",NaN,"1,5",,,,,,,,,,,,,,,,,,,,,,,,,,,,,,,,,,,,,,,,,,,
Steel_1_1_83,7163523.455,957670.259,-19227.347,-35262.18737,38992.93623,6948.43825,40255.56759,8046.017434,13236.08242,1308.244298,-35.71775979,-65.15396309,9291289,-718907.375,64525.6875,75064.96094,11227.19531,-1328.325562,2.293445669,,2.266584551,,1.064082026,7163523.455,865485.8039,9291289,,,,13236.08242,1182.313909,11227.19531,,,,40255.19654,7461.59947,75064.96094,"0.5625,1,1",NaN,"0.5625,1,1",NaN,"1,5",,,,,,,,,,,,,,,,,,,,,,,,,,,,,,,,,,,,,,,,,,,
Steel_1_1_84,12680229.4,2525690.381,-263505.6456,-217623.2324,55250.80255,12197.34397,60030.58374,14140.20181,12963.61408,2148.15867,-269.7817149,-222.4876722,12125337,-811590.6875,81031.69531,92602.35938,9311.041992,-844.4920044,2.851627667,,2.926806207,,1.582258224,12680229.4,2240966.095,11088680,,,,12963.61408,1905.994014,8576.003906,,,,51194.35671,0,92602.35938,"0.61905,1,1",NaN,"0.61905,1,1",NaN,"1,4",,,,,,,,,,,,,,,,,,,,,,,,,,,,,,,,,,,,,,,,,,,
Steel_1_1_85,3739523.949,566833.364,-3422.405626,-21461.45013,23578.52473,5255.847629,24341.16134,6516.904278,8639.439203,999.9117392,-8.029958554,-48.47574133,5322766,-96442.32813,43557.00781,53068.63672,8620.049805,-222.8103027,3.557505557,,3.425108717,,1.53798759,3662115.321,506784.3288,5036018.5,,,,8639.439203,478.5707522,8620.049805,,,,24341.16134,833.2468181,53068.63672,"0.57143,1,1",NaN,"0.57143,4,1",NaN,"1,4",,,,,,,,,,,,,,,,,,,,,,,,,,,,,,,,,,,,,,,,,,,
Steel_1_1_86,18438294.16,2081354.264,-750.938338,-21931.36259,52009.75723,9672.164072,52485.46809,10352.90285,10724.70724,1062.294098,-0.427879862,-12.75644284,13339437,-168590.3281,45666.59375,52355.79297,6249.276855,-108.9106827,4.637927919,,4.410836455,,3.954271317,18438294.16,1844472.854,13339437,,,,10724.70724,941.3931407,6249.276855,,,,52485.46809,10235.65587,40104.72656,"0.55172,1,1",NaN,"0.55172,1,1",NaN,"1,9",,,,,,,,,,,,,,,,,,,,,,,,,,,,,,,,,,,,,,,,,,,
Steel_1_1_87,8500187.542,1507176.33,-257.1455942,-4352.365453,36872.3277,8721.316995,37487.78449,9495.280854,9978.53118,1368.510118,-0.315495813,-4.55733184,11303225,-11939.12012,47807.46875,68205.6875,9905.672852,-14.51283264,2.669469254,,2.896465268,,1.366491318,8499108.189,1507176.33,11303225,,,,9454.484024,746.6473925,9905.672852,,,,36039.98682,2110.484334,68205.6875,"0.57895,7,1",NaN,"0.57895,2,1",NaN,"1,2",,,,,,,,,,,,,,,,,,,,,,,,,,,,,,,,,,,,,,,,,,,
Steel_1_1_88,49310177.08,5510096.373,-96737.12913,-283568.6608,123780.0518,16406.85075,126456.823,19426.50674,18298.41674,1820.825583,-36.29337539,-105.2296874,30697658,-1453285.75,96678.05469,105149.4063,9330.569336,-551.2994385,2.456111442,,2.267451002,,1.658199787,48979300.88,5510096.373,30697658,,,,18175.58299,1820.825583,9330.569336,,,,106621.8677,12598.90181,101970.3047,"0.47368,7,1",NaN,"0.47368,7,1",NaN,"1,2",,,,,,,,,,,,,,,,,,,,,,,,,,,,,,,,,,,,,,,,,,,
Steel_1_1_89,29621020.96,4093822.34,-111604.8968,-263238.3775,99728.54554,15292.24712,102656.8058,17489.30138,15427.30878,1878.672179,-58.30973556,-137.1015336,20674738,-1143066.875,86238.98438,94300.75781,8830.833984,-651.5656128,2.68050887,,2.672073775,,1.298599005,29026385.67,3666452.642,20674738,,,,15326.74737,1754.01955,8757.022461,,,,102654.4336,14409.6503,88647,"0.66667,1,1",NaN,"0.63333,1,1",NaN,"1,5",,,,,,,,,,,,,,,,,,,,,,,,,,,,,,,,,,,,,,,,,,,
Steel_1_1_90,3591918.231,697631.1563,-4069.808702,-67095.80983,25846.65585,6361.481757,26744.94009,7585.837144,8067.22489,1276.608131,-9.636967684,-177.0425566,4124081.75,-217434.2656,41698.94531,56444.52734,7368.524414,-573.7335815,3.831143223,,4.16404114,,1.420319796,3591918.231,542229.2314,4124081.75,,,,7200.089087,412.2204749,7368.524414,,,,24406.93208,0,56444.52734,"0.53846,1,1",NaN,"0.53846,3,1",NaN,"1,5",,,,,,,,,,,,,,,,,,,,,,,,,,,,,,,,,,,,,,,,,,,
Steel_1_1_91,4610333.858,906599.3444,-64946.68405,-78329.66686,33426.08904,7366.394187,34543.68649,8552.772898,12808.53585,1721.013234,-176.6165875,-212.6826924,7031920,-328906.6563,69216.79688,77294.875,11593.62891,-913.770874,2.486162756,,2.294592323,,1.365014076,4257581.522,906599.3444,6555965,,,,12287.98472,628.5678333,11593.62891,,,,34543.68649,0,77294.875,"0.53846,7,1",NaN,"0.61538,2,1",NaN,"1,4",,,,,,,,,,,,,,,,,,,,,,,,,,,,,,,,,,,,,,,,,,,
Steel_1_1_92,26552069.67,3615053.174,-91259.94439,-204705.6289,87756.56505,12362.86177,90014.49024,14354.01141,14633.10356,1781.847316,-50.74385892,-112.8164056,18480834,-930989.75,76063.46875,85165.04688,8373.291016,-513.0827026,2.86179573,,2.868530234,,1.978214979,26552069.67,3331624.867,18480834,,,,14633.10356,1642.146475,8373.291016,,,,66295.66198,10491.99027,60888.42188,"0.59375,1,1",NaN,"0.59375,1,1",NaN,"1,2",,,,,,,,,,,,,,,,,,,,,,,,,,,,,,,,,,,,,,,,,,,
Steel_1_1_93,14855359.67,2594910.573,-44715.64551,-88123.65036,57258.21799,11681.76405,58360.45296,13502.34661,11635.12092,1631.184967,-35.09156555,-69.021016,14413368,-608933.9375,82582.96094,85701.85938,9052.236328,-490.193573,3.095650177,,3.034630365,,1.499789715,14319430.48,388208.5398,14413368,,,,11527.3089,261.4425002,9052.236328,,,,58360.25154,649.9204722,85700.16406,"0.52174,6,1",NaN,"0.52174,6,1",NaN,"2,2",,,,,,,,,,,,,,,,,,,,,,,,,,,,,,,,,,,,,,,,,,,
Steel_1_1_94,38458715.32,3638924.004,-45245.67892,-81747.5766,105360.156,12426.10022,105823.9275,13824.39058,16869.21038,1372.887607,-19.96473173,-35.85691478,22868372,-1785146.25,100386,102826.0391,7919.345215,-840.4146729,3.320092852,,2.85213372,,1.233018875,38458715.32,3359981.572,22868372,,,,16869.21038,1267.648639,7919.345215,,,,105823.9275,12301.29064,85986.30469,"0.55882,1,1",NaN,"0.55882,1,1",NaN,"1,7",,,,,,,,,,,,,,,,,,,,,,,,,,,,,,,,,,,,,,,,,,,
Steel_1_1_95,19104205.89,2905728.565,-127766.3373,-240870.2782,75918.01108,12866.56247,79080.00374,15205.43687,12743.07196,1743.538912,-85.81969494,-160.6689174,12227208,-866678.6875,59088.91016,80093.86719,6405.543457,-582.6419678,3.537965805,,4.032518136,,1.801059008,18583582.23,2540802.004,11445176,,,,12395.8186,1524.570195,6405.543457,,,,79073.91798,12430.3419,56217.54297,"0.69231,1,1",NaN,"0.69231,1,1",NaN,"1,5",,,,,,,,,,,,,,,,,,,,,,,,,,,,,,,,,,,,,,,,,,,
Steel_1_1_96,30725446.66,4680934.2,-33885.49643,-169353.9556,76981.70525,15878.6088,78439.85985,20015.02081,14891.1701,2017.12355,-16.3793424,-81.62501986,19084686,-261027.875,75409.76563,78489.88281,8183.14209,-139.2216034,3.073802852,,3.048146599,,1.826513886,27735147.14,606454.3711,19084686,,,,14792.92966,280.6285874,8183.14209,,,,73173.38184,0,78489.88281,"0.54545,7,1",NaN,"0.54545,7,1",NaN,"2,4",,,,,,,,,,,,,,,,,,,,,,,,,,,,,,,,,,,,,,,,,,,
Steel_1_1_97,7331182.521,1268042.468,-2282.425473,-22815.34977,30915.08362,8201.345779,31451.79273,9649.452499,8969.952018,1300.289135,-2.698130431,-27.23294567,9071326,-49839.22656,39028.34375,44800.61719,8484.692383,-60.47174072,2.791546403,,3.395170149,,1.573843002,7331162.207,1268042.468,9071326,,,,8750.644278,1300.289135,8484.692383,,,,28448.8443,1578.390213,44800.61719,"0.55,13,1",NaN,"0.55,13,1",NaN,"2,2",,,,,,,,,,,,,,,,,,,,,,,,,,,,,,,,,,,,,,,,,,,
Steel_1_1_98,18352148.21,2344571.033,-31560.83581,-122798.4002,63581.88585,10678.30872,65068.70531,13130.93376,13459.94726,1496.177297,-23.15896723,-90.06374176,13687425,-303623.75,69442.07031,74313.29688,8091.45459,-268.3902283,2.847399347,,3.103788712,,1.707290411,18352148.21,2180753.186,13687425,,,,13459.94726,1391.637685,8091.45459,,,,61420.66062,0,71826.58594,"0.58333,1,1",NaN,"0.58333,1,1",NaN,"2,3",,,,,,,,,,,,,,,,,,,,,,,,,,,,,,,,,,,,,,,,,,,
Steel_1_1_99,4156745.683,720630.873,-27358.86137,-77708.50374,26774.79893,6424.053864,28332.59707,8460.111648,10342.30692,1366.470722,-68.16543977,-193.3510798,3920885,-253190.5156,41005.56641,48386.45703,6940.670898,-724.862793,3.689133193,,4.19240849,,1.521026969,4156745.683,557073.2208,3920885,,,,9188.370427,484.0636917,6940.670898,,,,28329.94246,8460.111648,39925.03125,"0.53333,1,1",NaN,"0.6,3,1",NaN,"1,12",,,,,,,,,,,,,,,,,,,,,,,,,,,,,,,,,,,,,,,,,,,
Steel_1_1_100,48585736.71,4182900.421,-43754.55824,-22009.46511,114769.1691,13435.71451,116355.7096,14344.40454,18116.68931,1363.846259,-16.37661403,-8.206923517,30738308,-220791.2188,93504.53906,99853.34375,9275.860352,-82.32897186,2.573069035,,2.342549968,,1.253397226,48309679.03,3797997.755,30738308,,,,18013.73604,1238.347679,9275.860352,,,,116354.9088,12271.69035,99853.34375,"0.58333,1,1",NaN,"0.58333,1,1",NaN,"1,6",,,,,,,,,,,,,,,,,,,,,,,,,,,,,,,,,,,,,,,,,,,
Steel_1_2_1,51980442.3,4447973.106,-53347.02026,-21190.70922,124932.8536,13679.76378,125771.223,14691.9395,18831.76794,1403.88026,-19.39473075,-7.677115014,31254838,-413953.25,103119.0469,110435.375,9109.198242,-149.9698181,2.656539988,,2.319489037,,1.129796147,51760243.84,4233595.612,31191726,,,,18751.95374,1336.217906,9090.804688,,,,125759.763,12658.80052,110435.375,"0.47368,6,1",NaN,"0.47368,6,1",NaN,"1,6",,,,,,,,,,,,,,,,,,,,,,,,,,,,,,,,,,,,,,,,,,,
Steel_1_2_2,40754029.57,3460233.937,-2147.885107,-4076.441593,93120.38509,11430.78823,93816.59446,12050.32687,15139.77474,1157.339562,-0.821606819,-1.505756719,37066152,-16922.57031,75478.67969,97191.00781,11560.29492,-6.384725571,2.054444104,,2.082314717,,1.498065472,40753137.26,3460233.937,37060740,,,,15053.40723,1157.339562,11558.60645,,,,93099.5414,5604.048276,97188.60938,"0.51351,7,1",NaN,"0.51351,7,1",NaN,"2,6",,,,,,,,,,,,,,,,,,,,,,,,,,,,,,,,,,,,,,,,,,,
Steel_1_2_3,23902786.4,2912385.142,-142478.1234,-269254.1555,100874.405,15085.91169,103898.562,17107.43939,13878.40744,1499.482041,-83.49911582,-160.259387,20297252,-1412968.375,101226.8047,114074.7578,9722.96875,-820.4130859,2.427304146,,2.552462112,,0.782680154,23812143.58,2792472.94,20280720,,,,13825.77092,1437.743574,9715.049805,,,,103898.562,17107.43939,114074.7578,"0.59259,1,1",NaN,"0.59259,1,1",NaN,"1,8",,,,,,,,,,,,,,,,,,,,,,,,,,,,,,,,,,,,,,,,,,,
Steel_1_2_4,4084580.21,899634.367,-41140.28613,-121156.7076,26439.22772,7417.032214,27704.17956,9572.836503,11309.44391,1793.298306,-114.3402068,-335.4677495,5398671.5,-355798.7188,55867.59375,59914.43359,9543.223633,-985.1621094,2.749986932,,2.87908386,,1.300151348,4084580.21,807235.3096,5300962,,,,11309.44391,1609.113398,9239.435547,,,,26525.89758,9572.836503,52450.62109,"0.57143,1,1",NaN,"0.57143,1,1",NaN,"1,8",,,,,,,,,,,,,,,,,,,,,,,,,,,,,,,,,,,,,,,,,,,
Steel_1_2_5,19896970.14,2930473.786,-54721.46027,-187011.8636,68885.66382,12795.32271,70642.97388,15240.39689,13098.17094,1601.83664,-36.11295072,-123.111194,18445640,-825488.25,77275.30469,87472.44531,9147.787109,-543.4245605,2.895169697,,2.795445992,,1.640209079,18623712.78,1370604.979,17116994,,,,13098.17094,1517.910526,9048.760742,,,,62652.2489,6619.314445,87463.61719,"0.56,2,1",NaN,"0.56,1,1",NaN,"1,2",,,,,,,,,,,,,,,,,,,,,,,,,,,,,,,,,,,,,,,,,,,
Steel_1_2_6,22312886.65,2855250.157,-32310.45228,-42267.10709,71098.88883,11653.11836,71566.27679,12696.96473,13030.06486,1435.733582,-18.946689,-24.68282291,20966580,-292320.6875,80208.35938,86031.85156,9758.6875,-170.7071991,2.703206972,,2.621876394,,1.375449657,22197672.13,2536225.602,20966580,,,,12962.79057,1275.31532,9758.6875,,,,71563.9588,10172.13215,79161.85938,"0.59259,1,1",NaN,"0.59259,1,1",NaN,"1,5",,,,,,,,,,,,,,,,,,,,,,,,,,,,,,,,,,,,,,,,,,,
Steel_1_2_7,17186720.27,2247448.986,-16957.90394,-40924.61923,57704.50922,10265.02713,58096.9672,11056.10799,11130.32827,1288.126983,-11.02197573,-26.50331338,16219624,-277085,68937.01563,78683.86719,8658.055664,-195.7550812,2.927474362,,3.146620878,,1.575238943,17007628.9,2105082.506,16156617,,,,11014.34476,1206.529534,8624.422852,,,,55788.94125,0,78683.86719,"0.6,1,1",NaN,"0.6,1,1",NaN,"1,5",,,,,,,,,,,,,,,,,,,,,,,,,,,,,,,,,,,,,,,,,,,
Steel_1_2_8,14116084.29,1575535.173,-15662.01824,-17434.07216,58212.64843,8504.853019,59001.0176,9211.855837,11953.50649,1113.878337,-13.19735963,-14.61786579,14089634,-56714.75391,69374.46875,83790.67188,9214.098633,-48.02578735,3.021706514,,2.928641907,,1.482727289,13522234.57,1575535.173,13399397,,,,11690.52188,750.0612046,9208.630859,,,,58293.35572,2724.826699,83790.67188,"0.52381,6,1",NaN,"0.57143,5,1",NaN,"2,2",,,,,,,,,,,,,,,,,,,,,,,,,,,,,,,,,,,,,,,,,,,
Steel_1_2_9,24599711.75,3568343.564,-22726.66208,-127785.6829,69809.12574,12246.91743,71286.06353,14060.92481,12958.89756,1703.09264,-12.15136566,-67.31660706,20184748,-668446.75,78737.66406,82049.86719,8989.806641,-372.0575562,2.650142346,,2.834375311,,1.324529052,24458787.35,3334218.129,20123388,,,,12884.71415,1591.349671,8962.478516,,,,71282.59908,12643.61733,74362.78906,"0.58065,1,1",NaN,"0.58065,1,1",NaN,"1,6",,,,,,,,,,,,,,,,,,,,,,,,,,,,,,,,,,,,,,,,,,,
Steel_1_2_10,32399141.23,3300054.672,-310.8119822,-12274.96002,70360.15311,10493.51894,70887.96897,11086.90876,13717.09993,1229.252899,-0.134333775,-5.19480622,25852980,-32654.46875,50451.58594,57365.48047,8811.788086,-34.19329834,2.995193739,,2.855735872,,1.791380644,32297507.6,3247063.742,25780806,,,,13668.42979,1209.514058,8787.188477,,,,64268.14726,5076.853035,57363.00391,"0.5,8,1",NaN,"0.5,8,1",NaN,"1,7",,,,,,,,,,,,,,,,,,,,,,,,,,,,,,,,,,,,,,,,,,,
Steel_1_2_11,5593523.159,736661.3032,-603.7191718,-19418.92011,26540.45949,5707.087414,27083.57431,7220.266251,8776.993807,956.1717596,-0.838714358,-30.03204802,7924705.5,-45529.02344,36887.52344,45555.16016,9289.833008,-117.9251251,2.630663865,,3.146325237,,1.721132159,5551678.008,706177.5932,7924705.5,,,,8585.908635,916.6045087,9289.833008,,,,25693.14179,1181.712993,45555.16016,"0.5,10,1",NaN,"0.5,10,1",NaN,"2,2",,,,,,,,,,,,,,,,,,,,,,,,,,,,,,,,,,,,,,,,,,,
Steel_1_2_12,12633735.95,1696686.765,-13620.53457,-22207.4728,48283.89615,8842.571224,49067.17582,9633.068146,11168.07615,1232.739972,-11.42273261,-18.51967536,15766673,-76400.98438,70547.22656,81328.67969,10630.84473,-70.96567535,2.349045933,,2.587706763,,1.452571034,12633735.95,1654225.306,15766673,,,,10535.74927,1201.889293,10630.84473,,,,48195.09058,2964.095367,81328.67969,"0.57143,6,1",NaN,"0.57143,6,1",NaN,"1,2",,,,,,,,,,,,,,,,,,,,,,,,,,,,,,,,,,,,,,,,,,,
Steel_1_2_13,8463853.55,1458491.096,467.6942614,-10099.34006,34159.15602,8487.797946,34531.66586,9436.837478,8794.428154,1262.756876,0.511918862,-10.0375688,10824925,-24908.67188,39999.5625,53722.29297,8623.007813,-26.89202118,3.006354389,,3.374817613,,1.458737016,8463853.55,1451293.476,10824925,,,,8412.072562,1256.525199,8623.007813,,,,32945.09317,2310.890061,53722.29297,"0.52381,11,1",NaN,"0.52381,11,1",NaN,"2,2",,,,,,,,,,,,,,,,,,,,,,,,,,,,,,,,,,,,,,,,,,,
Steel_1_2_14,3649149.986,709240.8246,-38955.18574,-40368.57199,28997.69773,6152.176073,31299.14233,7230.786533,9366.909746,1336.077652,-100.3697216,-103.6224176,5309110.5,-193333.7969,63066.80859,77859.875,8568.233398,-466.3167114,3.889449142,,3.443191102,,1.505448103,3469945.084,424430.9033,5309110.5,,,,8491.230049,747.2651255,8547.863281,,,,31298.28857,0,77859.875,"0.5,2,1",NaN,"0.58333,2,1",NaN,"2,2",,,,,,,,,,,,,,,,,,,,,,,,,,,,,,,,,,,,,,,,,,,
Steel_1_2_15,6249166.632,1133088.619,-177626.9729,-157148.2317,36910.53525,7356.593552,40644.03094,9129.74135,11597.52225,1719.106549,-363.84191,-321.7205369,8016128,-829283.5,69675.375,74961.91406,9280.110352,-1459.919067,2.931216135,,2.988301822,,1.434042931,6063991.504,496212.2145,8016128,,,,11074.91989,1430.51763,9008.09082,,,,40642.19569,9129.74135,62567.20313,"0.5625,3,1",NaN,"0.6875,1,1",NaN,"1,5",,,,,,,,,,,,,,,,,,,,,,,,,,,,,,,,,,,,,,,,,,,
Steel_1_2_16,4555037.82,845097.9912,-27357.76979,-73808.64087,28697.34539,7486.857569,30165.6229,10053.88104,8757.146883,1334.363845,-52.69976662,-141.9015635,6226548,-400212,59827.85938,64258.86719,8862.047852,-769.4317017,2.848724236,,3.296083793,,1.071871042,4410498.911,663393.4571,6226548,,,,8479.469762,1047.462251,8862.047852,,,,30162.82108,10053.88104,64258.86719,"0.4375,10,1",NaN,"0.4375,10,1",NaN,"1,10",,,,,,,,,,,,,,,,,,,,,,,,,,,,,,,,,,,,,,,,,,,
Steel_1_2_17,39390055.07,3695484.123,790.5125418,-2257.212055,84970.75232,11800.35741,85344.32598,12358.00542,15132.58151,1234.223169,0.277031045,-0.864674378,25277302,-6301.914063,52871.64844,71599.64063,7729.034668,-4.879659653,3.499447666,,3.109966893,,1.732523203,39295862.05,3663128.5,25257302,,,,15053.1541,1223.416991,7722.918945,,,,82861.82292,5295.111326,71598.98438,"0.5,7,1",NaN,"0.5,7,1",NaN,"2,5",,,,,,,,,,,,,,,,,,,,,,,,,,,,,,,,,,,,,,,,,,,
Steel_1_2_18,4221072.88,732200.1477,-66372.54769,-152580.488,32598.78521,6690.348778,32306.33289,9987.044987,11538.72715,1454.590235,-181.3091044,-417.1208717,5149566.5,-786146.75,66237.92188,76976.78125,9006.078125,-1885.883667,2.83404914,,2.986661755,,1.100755095,4175743.01,562057.7301,5149566.5,,,,11415.87319,1116.584978,9006.078125,,,,32305.05511,286.6460198,76976.78125,"0.6,1,1",NaN,"0.6,1,1",NaN,"2,2",,,,,,,,,,,,,,,,,,,,,,,,,,,,,,,,,,,,,,,,,,,
Steel_1_2_19,19565177.42,3115060.055,443.603498,-2017.057562,59684.50922,12686.0764,60289.71506,13510.30019,12541.36461,1658.999916,0.249071036,-1.198940614,17101498,-4854.329102,49765.15625,70733.97656,8917.199219,-3.111635685,2.748201796,,2.984329323,,1.534638405,19565177.42,647264.4273,17101498,,,,12541.36461,363.2185541,8917.199219,,,,60289.71506,1068.672389,70733.97656,"0.53571,4,1",NaN,"0.53571,4,1",NaN,"1,4",,,,,,,,,,,,,,,,,,,,,,,,,,,,,,,,,,,,,,,,,,,
Steel_1_2_20,23989393.32,3876559.301,-46347.0182,-29945.09279,79267.48142,15243.94969,79172.6791,15754.30961,11676.03141,1092.110597,-14.56315737,-9.392833496,18746054,-106992.1406,79645.9375,88305.97656,9610.996094,-74.97873688,2.986211431,,2.849266359,,1.511354208,16661118.94,384509.3416,17699550,,,,11676.03141,224.394392,9610.996094,,,,60358.70185,0,88305.97656,"0.54167,3,1",NaN,"0.54167,3,1",NaN,"1,4",,,,,,,,,,,,,,,,,,,,,,,,,,,,,,,,,,,,,,,,,,,
Steel_1_2_21,13551408.43,1662075.872,-542.1725829,-25722.27024,44612.56279,8577.49988,45135.2623,9856.490478,10094.71324,1130.867052,-0.401647914,-19.55209272,10800031,-61026.40625,43591.77734,51714.69922,6261.280273,-45.45969772,3.97597346,,4.509126422,,2.735919237,12949815.04,1633029.546,9667944,,,,9935.047352,862.1770367,6261.280273,,,,42887.09136,9856.490478,25929.92578,"0.5,13,1",NaN,"0.53846,12,1",NaN,"1,13",,,,,,,,,,,,,,,,,,,,,,,,,,,,,,,,,,,,,,,,,,,
Steel_1_2_22,22869279.38,2331356.043,-2728.397251,-16405.45806,62021.42666,9777.768502,62356.64991,10458.28978,11733.68001,1035.822612,-1.445948669,-8.361231759,21594988,-64449.16406,61550.67578,69227.27344,8669.703125,-34.90746307,2.987327432,,3.088436733,,8.59103775,22869279.38,2331356.043,21594988,,,,11655.59891,1035.822612,8669.703125,,,,60491.9188,3702.24015,69227.27344,"0.53333,8,1",NaN,"0.53333,8,1",NaN,"2,2",,,,,,,,,,,,,,,,,,,,,,,,,,,,,,,,,,,,,,,,,,,
Steel_1_2_23,5384527.573,623211.3472,-55060.22652,-95892.97364,36707.94882,5987.646945,38412.23787,7594.613309,8700.004445,1268.352114,-120.8120302,-336.9508588,5597849,-285975.9375,52089.9375,69218.82031,4460.563477,-364.5058289,5.403532355,,6.504686292,,4.072686195,5179810.635,413549.5811,5597849,,,,8684.557615,1096.506454,4460.563477,,,,20375.6386,7594.613309,19515.58984,"0.66667,2,1",NaN,"0.58333,1,1",NaN,"1,9",,,,,,,,,,,,,,,,,,,,,,,,,,,,,,,,,,,,,,,,,,,
Steel_1_2_24,35057219.9,3492788.378,-2227.970405,-5092.954563,81543.05102,11677.40378,81732.38309,12186.3615,13898.92481,1249.374768,-0.90675258,-2.01917127,25869158,-21784.62305,63618.26563,80375.65625,8614.115234,-9.347383499,2.929180732,,2.892076007,,2.231665134,35048676.3,3459254.692,25853666,,,,13895.53477,1237.379727,8608.957031,,,,81725.65915,12177.30221,47366.00781,"0.51429,6,1",NaN,"0.51429,6,1",NaN,"1,6",,,,,,,,,,,,,,,,,,,,,,,,,,,,,,,,,,,,,,,,,,,
Steel_1_2_25,5126248.1,1056415.688,-290661.8529,-319376.7939,31608.6664,7614.057225,37703.74554,9920.119787,15071.84011,2061.336627,-831.89116,-913.3313268,5568813.5,-1101123.625,58552.27344,86351.57813,9439.825195,-3237.452148,3.487902115,,2.749156857,,1.579249024,4283472.127,48405.06372,5568813.5,,,,15052.93275,344.866229,8982.390625,,,,35592.9565,0,86351.57813,"0.38462,5,1",NaN,"0.61538,2,1",NaN,"2,2",,,,,,,,,,,,,,,,,,,,,,,,,,,,,,,,,,,,,,,,,,,
Steel_1_2_26,7583967.366,1280239.157,-9688.359553,-18602.31993,37407.00995,8059.880267,38038.77915,8800.740075,10511.50262,1415.239944,-13.26710836,-25.29103826,10182107,-50053.08594,56971.42969,71343.01563,10243.93652,-69.37387085,2.881939018,,2.746191756,,1.425431728,7583967.366,380531.9135,10182107,,,,10511.50262,417.1391424,10243.93652,,,,38033.41573,1020.645362,71342.95313,"0.58824,4,1",NaN,"0.58824,4,1",NaN,"1,4",,,,,,,,,,,,,,,,,,,,,,,,,,,,,,,,,,,,,,,,,,,
Steel_1_2_27,41642051.85,5104703.082,-46687.19501,-52581.89608,103516.2572,15624.17924,104615.6453,16563.64394,17015.97383,1936.077096,-19.9013138,-22.38124827,30771766,-83565.92188,92943.89063,107194.1406,10376.53125,-79.26944733,2.197690004,,2.217781075,,1.554426074,41642051.85,1573742.927,30771766,,,,17015.97383,567.2891496,10376.53125,,,,104170.518,2374.908948,107194.1406,"0.52941,3,1",NaN,"0.52941,3,1",NaN,"2,2",,,,,,,,,,,,,,,,,,,,,,,,,,,,,,,,,,,,,,,,,,,
Steel_1_2_28,33764005.74,3221299.368,-1588.707925,-41562.09002,79393.52916,13969.09491,80274.73532,15286.60756,13995.92262,1205.330031,-0.747097554,-17.2284684,22921816,-364008.4375,81361.79688,88585.76563,7944.721191,-150.8901062,3.222588615,,3.148197966,,0.847014189,33432058.75,3011045.405,22921816,,,,13858.32014,1126.658232,7944.721191,,,,80274.73532,15286.60756,88585.76563,"0.46154,12,1",NaN,"0.46154,12,1",NaN,"1,12",,,,,,,,,,,,,,,,,,,,,,,,,,,,,,,,,,,,,,,,,,,
Steel_1_2_29,40352017.64,4692839.72,-84718.61123,-170198.4555,123385.3961,16079.28272,125807.7789,17985.30762,18017.88977,1768.788486,-37.99779201,-75.99696277,27784006,-1008487.563,101421.6563,110334.75,9507.744141,-450.3095703,2.828055486,,2.25718993,,1.737097383,40336543.91,4453312.33,27695962,,,,18010.88134,1678.507693,9477.615234,,,,89105.96635,8323.192933,96700.03906,"0.45714,6,1",NaN,"0.45714,6,1",NaN,"1,2",,,,,,,,,,,,,,,,,,,,,,,,,,,,,,,,,,,,,,,,,,,
Steel_1_2_30,28172770.42,2886742.147,-10890.83002,-11365.63833,80372.03557,11107.28296,81129.67786,11869.26539,14477.11845,1292.257334,-5.54322508,-5.735219857,23968502,-28706.10156,77735.90625,95281.67969,9906.989258,-14.75112915,2.425937797,,2.519008645,,1.541990995,27403187.96,2886742.147,23598416,,,,14151.08733,912.1495283,9905.228516,,,,79762.8767,4059.123804,95281.23438,"0.53333,7,1",NaN,"0.53333,6,1",NaN,"2,2",,,,,,,,,,,,,,,,,,,,,,,,,,,,,,,,,,,,,,,,,,,
Steel_1_2_31,5668592.408,715780.0554,715.4350265,-5119.817365,28541.50042,5670.77463,29252.18932,7075.46472,10947.56072,1042.55057,1.392901668,-9.560076439,6373496.5,-11111.09961,26820.77734,46733.14063,8276.566406,-21.62558937,3.031045038,,3.365896461,,1.623782039,5533585.118,653454.6528,6373496.5,,,,10332.7426,951.7721481,8276.566406,,,,28963.56649,1469.43871,46733.14063,"0.47059,10,1",NaN,"0.47059,10,1",NaN,"2,8",,,,,,,,,,,,,,,,,,,,,,,,,,,,,,,,,,,,,,,,,,,
Steel_1_2_32,43175333.23,4870711.833,-47742.44864,-84980.56928,103001.2225,15237.0437,104351.7181,17777.93105,16914.89976,1625.339775,-18.06021922,-32.11844744,24302906,-433417.6875,83207.48438,92037.82813,8763.893555,-201.8421326,2.589412103,,2.65162624,,1.687794566,35948577.81,1350613.887,23192258,,,,16741.32745,548.531399,8763.893555,,,,95076.57767,727.6685118,92032.15625,"0.52941,6,1",NaN,"0.52941,6,1",NaN,"2,2",,,,,,,,,,,,,,,,,,,,,,,,,,,,,,,,,,,,,,,,,,,
Steel_1_2_33,5429172.068,995718.1292,-169935.3572,-161618.7529,39186.68383,7623.191294,42092.96172,9254.620532,15484.00827,1715.86281,-389.0463819,-369.5885225,6007949,-686724.25,67178.84375,83543.48438,10025.57422,-1958.543579,3.209215359,,2.457403795,,1.494441271,5372158.063,80654.92193,6007949,,,,15321.40452,150.6461059,10025.57422,,,,42092.96172,0,82945.91406,"0.61538,5,1",NaN,"0.61538,5,1",NaN,"2,5",,,,,,,,,,,,,,,,,,,,,,,,,,,,,,,,,,,,,,,,,,,
Steel_1_2_34,31295373.37,2538422.271,-596.1180825,-6686.044437,76176.45647,10169.94312,76474.87947,10979.33442,15513.8721,1112.449684,-0.331166665,-3.24370275,21327818,-22151.55469,51369.17578,66667.39844,8670.716797,-11.94775867,2.498874528,,2.771064968,,2.053099871,31292997.65,2471507.571,21327818,,,,15181.61989,1083.124682,8670.716797,,,,76466.41374,10979.33442,42195.55078,"0.54545,10,1",NaN,"0.54545,10,1",NaN,"1,10",,,,,,,,,,,,,,,,,,,,,,,,,,,,,,,,,,,,,,,,,,,
Steel_1_2_35,48240044.64,4724778.152,-54646.71448,-75711.76142,113838.1725,14481.13173,115642.1653,15396.99903,18632.77121,1558.299313,-21.20711956,-29.24391477,29100176,-228288.4375,96370.63281,99214.25781,8918.584961,-255.1073914,2.886624814,,2.4028488,,1.433787823,47919685.43,4542227.596,29051020,,,,18509.01395,1498.091533,8801.37793,,,,115631.7782,14601.72486,88143.5,"0.47222,6,1",NaN,"0.47222,6,1",NaN,"1,6",,,,,,,,,,,,,,,,,,,,,,,,,,,,,,,,,,,,,,,,,,,
Steel_1_2_36,7648339.231,1233798.451,-28083.55604,-93402.48105,40219.10081,7866.494579,41290.38833,10321.35551,10197.51175,1393.022869,-43.65850687,-124.5323675,5953297,-449817.9688,46088.57813,64537.20313,6753.554688,-694.4841919,4.111458944,,4.428944084,,1.403030634,7361036.473,1043357.435,5933893.5,,,,8344.872858,270.6762401,6753.554688,,,,41289.18033,478.8879627,58954.125,"0.38889,10,1",NaN,"0.55556,5,1",NaN,"2,2",,,,,,,,,,,,,,,,,,,,,,,,,,,,,,,,,,,,,,,,,,,
Steel_1_2_37,21820228.46,2434861.725,-9375.129059,-9615.39631,67773.28825,10124.78257,67954.50646,10765.55258,13147.49344,1285.272258,-5.628045854,-5.736385763,19985518,-39310.10156,69534.45313,86230.05469,9818.823242,-26.10960579,2.379540935,,2.600818665,,1.617236614,21820228.46,2434861.725,19984952,,,,13017.59637,1285.272258,9818.544922,,,,66387.46589,4657.491425,86228.88281,"0.53846,5,1",NaN,"0.53846,5,1",NaN,"1,4",,,,,,,,,,,,,,,,,,,,,,,,,,,,,,,,,,,,,,,,,,,
Steel_1_2_38,17891169.26,2338301.013,-5616.267275,-45292.5277,52009.84829,10664.25359,52650.3799,12820.40838,11071.8452,1305.994499,-3.472680003,-28.02908766,16030667,-129152.9844,48944.4375,54295.73438,8322.783203,-111.102272,2.888526161,,3.259405032,,1.284449458,17753871.41,2233737.796,16030667,,,,10986.88856,1247.593555,8322.783203,,,,52649.83501,12820.40838,54295.73438,"0.48276,13,1",NaN,"0.48276,13,1",NaN,"1,13",,,,,,,,,,,,,,,,,,,,,,,,,,,,,,,,,,,,,,,,,,,
Steel_1_2_39,40299837.53,4034008.368,-24446.13174,-31271.76526,93759.30836,12548.1219,95249.76012,13542.63605,15792.09379,1428.214937,-9.612758594,-12.25431932,25052554,-383815.8125,76890.15625,88134.29688,8246.935547,-151.5695801,2.682671322,,2.835715537,,1.634956241,40293968.16,3695663.021,25052554,,,,15789.82183,1308.425925,8246.935547,,,,95217.44682,12056.39881,72086.75781,"0.54054,1,1",NaN,"0.54054,1,1",NaN,"1,6",,,,,,,,,,,,,,,,,,,,,,,,,,,,,,,,,,,,,,,,,,,
Steel_1_2_40,6652897.374,1084182.655,-123513.0855,-153082.073,39206.48151,7105.027636,41904.4571,9204.957296,13562.60075,1656.315634,-251.7455219,-312.066551,6654336.5,-471880.75,66553.57813,80642.26563,9012.250977,-990.5018921,2.808340059,,2.788646011,,1.358980775,6612969.103,881826.8902,6654336.5,,,,13481.25403,1347.174904,9012.250977,,,,39663.38409,0,80642.26563,"0.375,6,1",NaN,"0.375,6,1",NaN,"1,5",,,,,,,,,,,,,,,,,,,,,,,,,,,,,,,,,,,,,,,,,,,
Steel_1_2_41,17345499.6,3425075.217,-11145.12044,-104670.7856,51112.91164,13952.0374,51726.54684,17469.26906,11449.36039,1986.459418,-7.462061521,-69.09109813,12641743,-147702.7656,54755.54688,59670.48438,7588.26123,-109.8649597,3.370709213,,3.655057587,,1.700545669,14987924.06,449178.7138,12482759,,,,11148.42658,295.382104,7588.26123,,,,45580.82182,0,59670.48438,"0.51724,10,1",NaN,"0.51724,10,1",NaN,"1,5",,,,,,,,,,,,,,,,,,,,,,,,,,,,,,,,,,,,,,,,,,,
Steel_1_2_42,61551659.54,5020923.96,-38820.89229,-32425.50696,127786.3078,14002.85559,128010.2797,14955.54213,19446.78177,1425.002945,-12.25566222,-10.24456698,37730984,-311094.4688,93652.96875,106993.3516,9988.711914,-106.6167145,2.148489669,,2.059738913,,1.328699708,61551659.54,4604575.972,37730984,,,,19446.78177,1306.838019,9988.711914,,,,128004.5197,13469.04341,97126.53125,"0.55,1,1",NaN,"0.55,1,1",NaN,"1,6",,,,,,,,,,,,,,,,,,,,,,,,,,,,,,,,,,,,,,,,,,,
Steel_1_2_43,10718060.81,2244088.731,-526109.3284,-352376.9249,49927.83511,11553.09707,55704.6924,13666.82519,14769.00284,2375.437526,-725.2521407,-485.5572167,9486436,-973202.25,72899.55469,87318.33594,8866.042969,-1376.907349,3.322459067,,3.045549708,,1.790171981,10410072.79,1749541.152,7939387,,,,11805.53916,591.8938953,8866.042969,,,,51235.48798,0,87318.33594,"0.7,1,1",NaN,"0.4,3,1",NaN,"2,2",,,,,,,,,,,,,,,,,,,,,,,,,,,,,,,,,,,,,,,,,,,
Steel_1_2_44,15063463.63,2150074.16,-25841.25038,-51678.11162,57821.37581,10366.08822,58628.68345,11896.39079,12643.75666,1603.937957,-23.38092971,-46.65392145,14157148,-156112.875,69757.25,77841.60938,9188.004883,-131.0351563,2.770534388,,2.864701104,,1.525733709,14856870.78,1158317.074,14157148,,,,12470.35701,812.4889363,9188.004883,,,,56654.16922,4382.008895,77049.6875,"0.56522,2,1",NaN,"0.56522,2,1",NaN,"1,2",,,,,,,,,,,,,,,,,,,,,,,,,,,,,,,,,,,,,,,,,,,
Steel_1_2_45,13260211.66,1347653.981,-5636.506844,-18249.3058,56882.09844,8160.278629,57830.70003,8863.470855,7001.853603,1144.508486,-5.699752507,-14.4032761,14568681,-48540.85938,64481.76172,80100.51563,5907.759766,-36.04541779,4.885516389,,5.124436755,,3.39463377,6944976.772,1347653.981,7525323,,,,6999.367848,1144.508486,5907.759766,,,,31468.15632,8863.470855,26135.11328,"0.57895,8,1",NaN,"0.57895,8,1",NaN,"1,8",,,,,,,,,,,,,,,,,,,,,,,,,,,,,,,,,,,,,,,,,,,
Steel_1_2_46,22773646.96,3231179.408,4381.36557,-58377.68721,63315.39535,12394.60455,64028.07205,13666.18516,13076.49172,1587.431284,2.335946583,-33.52037847,15499893,-238725.5625,53126.71094,68369.64063,7043.869629,-137.0758514,4.388937669,,3.722749416,,3.063826323,20159946.98,2263355.037,15499893,,,,12271.08812,1139.581873,7043.869629,,,,64025.27269,11355.53214,51869.85156,"0.51613,3,1",NaN,"0.51613,3,1",NaN,"1,6",,,,,,,,,,,,,,,,,,,,,,,,,,,,,,,,,,,,,,,,,,,
Steel_1_2_47,27057003.01,2789174.001,-84870.34369,-177102.1964,89031.31811,12016.97974,89559.07928,15139.26823,14577.00489,1357.846182,-46.52860362,-99.78548093,15329718,-1036980.563,65078.83594,73295.5,6938.572266,-584.2705688,3.344533356,,3.52719283,,1.164452672,26853291.71,2506606.64,15328106,,,,14467.27551,1220.284663,6937.842285,,,,81266.88656,15139.26823,61289.61719,"0.42424,12,1",NaN,"0.42424,12,1",NaN,"1,12",,,,,,,,,,,,,,,,,,,,,,,,,,,,,,,,,,,,,,,,,,,
Steel_1_2_48,37843223.62,3196393.154,-24449.68046,-165242.9393,132306.1503,13680.93362,133798.1471,16200.94952,16785.41882,1278.734521,-11.01458101,-73.29401497,17845598,-725904.1875,82936.5,85531.78906,6639.983398,-347.9608459,3.614889757,,3.470247839,,0.559517384,37779970.32,3028228.077,17593008,,,,16757.42578,1211.459164,6546,,,,133795.6128,16200.94952,84567.48438,"0.59459,1,1",NaN,"0.59459,1,1",NaN,"1,12",,,,,,,,,,,,,,,,,,,,,,,,,,,,,,,,,,,,,,,,,,,
Steel_1_2_49,7981413.791,1230315.692,-15768.52131,-46660.21155,36513.20723,8345.03496,37762.78031,9333.294193,9961.686597,1397.353375,-22.74320393,-66.37489369,9620475,-264733.5,50227.49219,65534.24609,9539.253906,-376.587616,2.687987355,,2.916611934,,1.346252203,7002979.002,1205634.344,9335736,,,,9961.686597,1369.321086,9539.253906,,,,34245.8605,9333.294193,53112.97656,"0.55556,6,1",NaN,"0.55556,6,1",NaN,"1,6",,,,,,,,,,,,,,,,,,,,,,,,,,,,,,,,,,,,,,,,,,,
Steel_1_2_50,26270858.01,2548657.361,-2350.684608,-15716.41528,67250.36562,10201.53337,67841.79179,10894.99169,12640.66985,1142.605858,-1.220291425,-7.812466049,23823908,-50859.97266,60672.59375,71289.85938,9917.094727,-29.21726227,2.39385629,,2.61927839,,1.57836163,25351300.02,2520114.831,23823908,,,,12601.86876,1129.809763,9917.094727,,,,67646.70255,4395.205669,71289.85938,"0.51515,8,1",NaN,"0.51515,8,1",NaN,"1,2",,,,,,,,,,,,,,,,,,,,,,,,,,,,,,,,,,,,,,,,,,,
Steel_1_2_51,13669615.62,2562217.104,-70910.97176,-240072.5253,56559.61132,12175.12931,59146.53231,14477.22517,12052.099,1967.57866,-68.13161357,-211.6605171,12300891,-672935.375,74264.91406,79947.65625,8780.478516,-646.4572144,2.835343113,,2.982308374,,1.559162259,13606801.8,1902927.412,12300891,,,,11996.78033,1461.296688,8780.478516,,,,59145.71666,279.3790233,79943.0625,"0.68182,1,1",NaN,"0.68182,1,1",NaN,"2,2",,,,,,,,,,,,,,,,,,,,,,,,,,,,,,,,,,,,,,,,,,,
Steel_1_2_52,48809623.82,5496922.106,-35649.46963,-49966.20834,112009.4723,14916.80031,114347.5009,15373.72657,15496.32109,1601.872749,-13.16107553,-18.30214447,34076388,-999755.125,99013.92188,110657.5469,9204.289063,-366.2007446,2.72381331,,2.566298695,,2.852787495,42093426.31,4726912.971,30350614,,,,15418.26849,1546.681617,9152.675781,,,,100583.5458,12392.30867,110657.5469,"0.48718,5,1",NaN,"0.48718,5,1",NaN,"1,5",,,,,,,,,,,,,,,,,,,,,,,,,,,,,,,,,,,,,,,,,,,
Steel_1_2_53,2676537.514,539673.3969,-22715.8555,-78867.29488,23475.97874,5880.520087,24916.02408,7201.776528,9136.528087,1287.746214,-78.08686239,-269.2078263,3595569,-335926.75,52184.53125,62996.32422,7537.56543,-1125.525391,4.340198661,,4.007047871,,1.377424955,2363258.184,136041.3309,3595569,,,,7917.956476,317.6423614,7537.56543,,,,24916.02408,0,62996.21484,"0.45455,7,1",NaN,"0.45455,7,1",NaN,"1,7",,,,,,,,,,,,,,,,,,,,,,,,,,,,,,,,,,,,,,,,,,,
Steel_1_2_54,4502733.83,797905.4608,-25937.35968,-38077.47377,31050.6976,6572.971537,31663.94608,7770.82987,12962.0543,1554.052095,-73.31489687,-107.3599526,6299070.5,-159596.5313,49585.90625,72380.04688,10549.33105,-459.4295959,2.868020528,,2.505896217,,1.342220664,4426851.628,204518.2357,6299070.5,,,,12743.61596,390.1966264,10549.33105,,,,31663.94608,0,72379.76563,"0.61538,5,1",NaN,"0.61538,5,1",NaN,"2,3",,,,,,,,,,,,,,,,,,,,,,,,,,,,,,,,,,,,,,,,,,,
Steel_1_2_55,2292167.593,467910.7542,-3949.409908,-18273.8654,18481.27578,4821.900095,19140.77168,5969.56758,7929.212941,1087.815043,-12.49281044,-56.81211968,4336821.5,-66111.46875,44231.10547,55785.23047,9360.608398,-228.6963196,3.412361335,,3.224262428,,1.40417099,2292167.593,138758.4452,4336821.5,,,,7929.212941,335.4117118,9360.608398,,,,18723.85552,584.7010653,55785.22656,"0.54545,4,1",NaN,"0.54545,4,1",NaN,"2,2",,,,,,,,,,,,,,,,,,,,,,,,,,,,,,,,,,,,,,,,,,,
Steel_1_2_56,9314683.062,1710772.175,-7074.08691,-25404.78646,41750.71737,10020.10051,42402.68048,11122.86494,10719.58931,1734.905855,-8.968819193,-32.03549909,11371367,-64084.25,57452.77734,70675.63281,9964.602539,-73.74958038,2.69321664,,2.80934023,,1.331363201,9032576.248,818565.1448,11351802,,,,10394.93766,775.5301805,9947.458008,,,,41832.08641,2298.026288,70675.63281,"0.57895,6,1",NaN,"0.57895,6,1",NaN,"1,2",,,,,,,,,,,,,,,,,,,,,,,,,,,,,,,,,,,,,,,,,,,
Steel_1_2_57,23807538.11,3367729.712,-18790.68478,-111796.6874,70273.3302,13139.6333,71463.62289,15311.88336,13256.09983,1650.654773,-10.55180283,-62.24889296,15421732,-838787.375,71068.07031,74530.625,7269.45166,-497.2055969,3.78821652,,3.668824436,,1.762341619,20608950.85,1202646.19,15421732,,,,12216.30422,612.2513271,7269.45166,,,,60525.40721,0,74530.625,"0.5,3,1",NaN,"0.5,3,1",NaN,"2,7",,,,,,,,,,,,,,,,,,,,,,,,,,,,,,,,,,,,,,,,,,,
Steel_1_2_58,11244446.15,1996497.177,-7781.174581,-54338.18703,39700.25191,10134.58484,40544.15847,12181.00777,9796.065092,1540.872412,-6.810842111,-47.33911249,9114150,-129458.9375,42341.60938,50474.76953,7347.046387,-130.0783081,3.452767926,,3.938285361,,1.696394205,9580670.482,294896.159,9114150,,,,9626.573031,258.2321677,7347.046387,,,,34740.71476,579.3642544,50474.60547,"0.54167,6,1",NaN,"0.54167,6,1",NaN,"1,8",,,,,,,,,,,,,,,,,,,,,,,,,,,,,,,,,,,,,,,,,,,
Steel_1_2_59,18180002.73,2073228.065,-9362.124242,-49170.00923,61496.78596,10865.44404,62093.11083,12842.92368,11606.04524,1152.60325,-6.033319047,-31.39007856,12379650,-893458.9375,56522.40234,61441.72266,6270.241211,-637.654541,4.397958128,,4.308021189,,1.646385789,17842058.53,1787322.326,12379650,,,,11390.31336,993.6550431,6270.241211,,,,44126.37664,2779.649983,57659.39453,"0.62069,1,1",NaN,"0.62069,1,1",NaN,"2,7",,,,,,,,,,,,,,,,,,,,,,,,,,,,,,,,,,,,,,,,,,,
Steel_1_2_60,21428706.63,2790810.395,-161799.1115,-185096.6284,77402.70612,11380.3341,81577.53196,13395.66996,16055.33013,1760.325143,-124.502743,-138.6834008,15181202,-815557.3125,95197.23438,104734.875,8769.100586,-626.6810913,2.672529771,,2.682916385,,1.534619689,21365219.82,2609504.592,14816429,,,,16007.79899,1645.965112,8557.345703,,,,76321.66712,0,104734.875,"0.6,1,1",NaN,"0.6,1,1",NaN,"1,5",,,,,,,,,,,,,,,,,,,,,,,,,,,,,,,,,,,,,,,,,,,
Steel_1_2_61,20055420.75,2138114.494,-5110.236585,-15554.36206,63401.31946,9852.418785,64016.48025,10816.45433,14045.98185,1262.643725,-3.532559686,-10.56966401,18085720,-34834.66406,61023.28906,73282.24219,9772.107422,-23.82418442,2.383548517,,2.608296027,,1.767588019,19362566.74,2044699.867,18031888,,,,13157.40776,1207.478581,9772.107422,,,,59542.99684,10816.45433,49113.21094,"0.55556,1,1",NaN,"0.55556,1,1",NaN,"1,10",,,,,,,,,,,,,,,,,,,,,,,,,,,,,,,,,,,,,,,,,,,
Steel_1_2_62,19743274.14,2332395.963,-113306.2192,-99574.78146,65500.8331,10179.91704,67453.72522,11489.52403,13167.36845,1445.273632,-81.00072284,-71.12240403,15967496,-501410.6563,83571.95313,88093.23438,9024.551758,-307.3649597,2.52736934,,2.833560092,,1.503872752,18154667.69,2165531.523,15942391,,,,12967.30028,1341.875762,9010.362305,,,,65054.45739,0,88093.23438,"0.44444,7,1",NaN,"0.44444,7,1",NaN,"1,6",,,,,,,,,,,,,,,,,,,,,,,,,,,,,,,,,,,,,,,,,,,
Steel_1_2_63,7235903.805,1798207.176,-66704.0795,-183216.555,33466.31673,10459.13703,34458.3033,13236.69161,10421.88084,2109.415964,-99.52706688,-273.6069536,8019101.5,-235831.2188,57647.15234,68889.48438,8734.474609,-352.1791992,3.113316482,,3.235139308,,1.544906974,6978750.922,286311.708,8019101.5,,,,10421.88084,343.7043711,8734.474609,,,,34458.3033,0,68889.48438,"0.57895,4,1",NaN,"0.57895,4,1",NaN,"1,6",,,,,,,,,,,,,,,,,,,,,,,,,,,,,,,,,,,,,,,,,,,
Steel_1_2_64,11113688.68,1832853.893,-574569.5375,-344304.0684,60167.49815,9621.168862,66180.70185,12718.95912,14127.22055,1841.5511,-730.7329639,-437.6625677,9440093,-1156503.625,68904.10156,75207.35938,8507.899414,-1470.091064,2.83931034,,2.873111219,,1.286940336,11064018.43,1650560.038,9440093,,,,14064.22413,1658.39223,8507.899414,,,,66179.64846,12718.95912,66075.82031,"0.7,1,1",NaN,"0.7,1,1",NaN,"1,7",,,,,,,,,,,,,,,,,,,,,,,,,,,,,,,,,,,,,,,,,,,
Steel_1_2_65,43920760.91,3902600.17,-5042.082996,-6832.841171,114524.6499,10000.11777,115716.4736,10418.7581,7694.521704,689.6237463,-1.470719276,-1.976462844,29894564,-22055.66797,81856.4375,99941.82813,5362.719238,-6.379806995,5.523565578,,5.615480343,,8.194590569,26561578.02,2576402.02,22101250,,,,7683.195861,674.7523588,5361.833496,,,,70904.4412,9586.878426,44093.6875,"0.53125,5,1",NaN,"0.53125,5,1",NaN,"1,1",,,,,,,,,,,,,,,,,,,,,,,,,,,,,,,,,,,,,,,,,,,
Steel_1_2_66,41251665.68,4148399.413,-73742.7636,-83791.68205,95676.18562,12843.50871,97510.80929,14514.75848,16672.41648,1528.731116,-30.13984687,-33.86573663,28924852,-928447,97470.35938,113569.3906,9923.196289,-375.246582,2.15825482,,2.29335924,,0.779555321,41083076.63,3979377.883,28772944,,,,16604.23684,1466.444811,9871.082031,,,,97510.80929,14514.75848,113569.3906,"0.48718,8,1",NaN,"0.48718,8,1",NaN,"1,8",,,,,,,,,,,,,,,,,,,,,,,,,,,,,,,,,,,,,,,,,,,
Steel_1_2_67,7538443.107,1540702.396,-80304.80277,-123168.8265,42554.35159,9517.636213,44989.41184,10782.03476,12483.47693,1802.39011,-117.6733136,-180.327074,9274066,-491239.375,72042.26563,85546.96875,10527.5918,-831.2020874,2.937828895,,2.54254462,,1.447347403,7355403.79,206284.3568,9274066,,,,12445.95832,257.1082329,10527.5918,,,,44989.41184,0,85546.96875,"0.5625,3,1",NaN,"0.5625,3,1",NaN,"1,5",,,,,,,,,,,,,,,,,,,,,,,,,,,,,,,,,,,,,,,,,,,
Steel_1_2_68,3426031.784,865671.1349,-463270.702,-204556.2573,40722.98451,6888.813518,43685.68187,9089.719204,10736.14901,1985.600221,-1452.074647,-669.3853465,4083280.5,-2019455.75,72299.46094,83912.63281,7959.764648,-6328.489746,4.041784042,,3.620818618,,1.236124754,3205076.074,59306.18289,4068030,,,,10043.78058,129.0302128,7930.036133,,,,43685.68187,140.7578594,83912.27344,"0.41667,3,1",NaN,"0.41667,3,1",NaN,"2,3",,,,,,,,,,,,,,,,,,,,,,,,,,,,,,,,,,,,,,,,,,,
Steel_1_2_69,28126222.11,3973152.551,-42317.98997,-107949.3801,76644.79288,14849.47182,78280.80755,16274.75109,14175.36333,1755.331667,-21.38537898,-54.40557412,23708718,-484532.0625,87306.02344,90836.82031,9705.076172,-258.1870728,2.572119808,,2.513299102,,1.557218671,27943152.48,3903816.391,23695952,,,,14083.08743,1724.699076,9699.850586,,,,78280.80755,13114.06478,75823.04688,"0.48387,5,1",NaN,"0.48387,5,1",NaN,"1,5",,,,,,,,,,,,,,,,,,,,,,,,,,,,,,,,,,,,,,,,,,,
Steel_1_2_70,14054649.2,1370566.574,-95884.01701,-20720.6974,71800.72233,8456.372269,70354.82979,9732.210779,10992.23817,564.1359034,-45.44459852,-9.818205284,10813211,-97073.8125,54525.91016,70171.57813,9724.108398,-215.121933,3.347193526,,2.861073576,,1.744706511,4940541.534,259644.126,7427772.5,,,,10948.6423,383.551237,9724.108398,,,,31539.18625,682.6179154,70171.5625,"0.6,3,1",NaN,"0.6,3,1",NaN,"1,3",,,,,,,,,,,,,,,,,,,,,,,,,,,,,,,,,,,,,,,,,,,
Steel_1_2_71,6757694.457,1359796.055,-7297.243978,-36262.0877,32324.32528,8446.405894,32743.28306,9939.766755,9388.394972,1572.829262,-10.27802575,-50.37903304,7901923.5,-155656.7813,51873.12891,57914.73438,8381.478516,-222.5158081,3.287006006,,3.488389747,,1.506439686,6518447.993,147819.7155,7901923.5,,,,9318.371963,172.4052072,8381.478516,,,,32742.6248,0,57914.73438,"0.55556,8,1",NaN,"0.55556,8,1",NaN,"1,7",,,,,,,,,,,,,,,,,,,,,,,,,,,,,,,,,,,,,,,,,,,
Steel_1_2_72,9705477.265,1648853.811,-1538.754049,-30085.20722,36657.43345,9138.63743,37312.13592,10675.59648,8956.225765,1323.199388,-1.459258771,-27.76284458,8029459,-188234.9688,43694.25781,48764.65234,6406.40918,-189.5709534,4.380914394,,4.614461397,,1.689905286,8662115.404,399990.8421,8029459,,,,8723.627028,345.6067657,6406.40918,,,,32913.51254,0,48764.65234,"0.54545,4,1",NaN,"0.54545,4,1",NaN,"1,8",,,,,,,,,,,,,,,,,,,,,,,,,,,,,,,,,,,,,,,,,,,
Steel_1_2_73,38928583.52,4043125.743,-47497.14111,-63805.09321,93755.84889,13432.64493,94816.04347,14556.96612,15406.6663,1420.246975,-18.85587524,-25.25189015,30337494,-425029.625,96156.02344,109732.8125,9867.033203,-174.649704,2.61077946,,2.404206018,,1.393834352,38712665.44,3813822.457,30337494,,,,15321.20663,1339.698578,9867.033203,,,,94816.04347,13374.05062,85214.29688,"0.57143,1,1",NaN,"0.57143,1,1",NaN,"1,7",,,,,,,,,,,,,,,,,,,,,,,,,,,,,,,,,,,,,,,,,,,
Steel_1_2_74,19653949.15,2111501.037,-252.0872307,-16627.94959,57280.06704,9590.743354,57702.46327,10282.58839,11134.37963,1028.841366,-0.20298719,-9.221048934,17332670,-68703.55469,52631.92188,59730.35547,7775.713379,-44.50426865,3.477710879,,3.526632676,,1.749738097,19556815.65,2064686.67,17332670,,,,10845.25886,1006.030789,7775.713379,,,,51607.09267,3023.809549,59730.35547,"0.5,9,1",NaN,"0.5,9,1",NaN,"2,2",,,,,,,,,,,,,,,,,,,,,,,,,,,,,,,,,,,,,,,,,,,
Steel_1_2_75,15804435.32,2501798.603,-56191.47722,-58925.684,60195.08469,11569.38269,62044.06344,12339.34968,14710.37988,1877.751846,-51.47332409,-53.92253141,17595658,-181524.625,80838.1875,94240.9375,11783.15625,-168.9572144,2.252019024,,2.09684712,,1.424818873,15804435.32,907397.4657,17595658,,,,14710.37988,669.8997,11783.15625,,,,62043.53227,532.4466625,94235.80469,"0.56522,3,1",NaN,"0.56522,3,1",NaN,"2,2",,,,,,,,,,,,,,,,,,,,,,,,,,,,,,,,,,,,,,,,,,,
Steel_1_2_76,20360985.93,1855805,-207.2930682,-5472.912279,52291.77031,8568.594973,52765.77802,9207.455914,10483.96295,859.0516083,-0.123369512,-2.8112178,16208825,-12577.67578,35056.67188,45901.49219,6953.353516,-7.226290226,4.045664757,,4.008887691,,1.951110244,20360985.93,1776112.511,16200517,,,,10458.6345,822.1619779,6949.789551,,,,47883.39581,2948.947652,45901.49219,"0.53125,12,1",NaN,"0.53125,12,1",NaN,"1,10",,,,,,,,,,,,,,,,,,,,,,,,,,,,,,,,,,,,,,,,,,,
Steel_1_2_77,4575181.034,908789.6639,-35747.13964,-45764.33404,29808.34565,7592.126805,29714.24318,8720.011715,9901.623261,935.3850151,-47.02535531,-60.11090551,4691653.5,-153651,47132.26563,62555.57813,8865.618164,-469.9122314,3.518028576,,3.256840716,,1.387699485,3233049.429,35864.12511,4691653.5,,,,9887.795077,76.12685187,8865.618164,,,,28423.34863,0,62555.57813,"0.66667,5,1",NaN,"0.66667,5,1",NaN,"1,4",,,,,,,,,,,,,,,,,,,,,,,,,,,,,,,,,,,,,,,,,,,
Steel_1_2_78,13303182.8,2118517.622,-69026.30314,-238303.5645,55893.23683,10274.47247,57555.54928,13191.3984,11880.71228,1623.218112,-61.64936998,-212.8221695,10824399,-840732.875,51241.48438,61867.42578,7642.495605,-750.8347168,3.358632564,,3.446707683,,1.175904632,13264333.83,1840210.762,10824399,,,,11846.13909,1409.978094,7642.495605,,,,57553.42972,13191.3984,60612.24219,"0.625,1,1",NaN,"0.625,1,1",NaN,"1,8",,,,,,,,,,,,,,,,,,,,,,,,,,,,,,,,,,,,,,,,,,,
Steel_1_2_79,30141942.58,3975056.347,-167870.8589,-272827.2905,84780.93571,14512.44982,87141.65742,17824.99086,15742.41529,1881.451876,-105.1086017,-155.8206177,16321048,-487495.8438,71311.6875,74627.05469,7231.129883,-292.4588623,2.910330373,,3.2032635,,1.476502776,30000759.65,3632177.61,16321048,,,,15668.65886,1719.162392,7231.129883,,,,87141.03154,17824.99086,64439.89453,"0.625,1,1",NaN,"0.625,1,1",NaN,"1,7",,,,,,,,,,,,,,,,,,,,,,,,,,,,,,,,,,,,,,,,,,,
Steel_1_2_80,15156859.93,1881499.477,-397.6459154,-4598.144136,51921.0477,9314.369296,51998.9212,10114.49044,11688.34515,1206.650635,-0.335435684,-3.295534249,17191542,-13863.28125,53849.53906,74140.57031,10265.47266,-11.87279034,2.301352072,,2.656586768,,1.488483548,15156859.93,1847032.2,17191542,,,,10862.99958,1184.545945,10265.47266,,,,48395.71615,2839.927732,74140.03125,"0.54167,8,1",NaN,"0.54167,8,1",NaN,"1,2",,,,,,,,,,,,,,,,,,,,,,,,,,,,,,,,,,,,,,,,,,,
Steel_1_2_81,20757914.74,2163307.971,-10380.37146,-55597.2549,69604.9031,9763.299079,71199.36467,10838.83579,10611.58315,1174.695988,-7.339032014,-38.9044303,16821686,-330195.4063,76132.76563,80647.60938,6787.402344,-231.0557251,4.368302778,,4.090250915,,10.84052658,14849805.59,1749821.404,12977521,,,,10391.12005,1018.047703,6787.402344,,,,71199.36467,8190.316161,80647.60938,"0.61538,1,1",NaN,"0.61538,1,1",NaN,"1,2",,,,,,,,,,,,,,,,,,,,,,,,,,,,,,,,,,,,,,,,,,,
Steel_1_2_82,2058653.867,454848.6871,-4081.187293,-26772.91,15658.2533,4822.173169,16146.53803,6603.957639,7225.816684,1344.875906,-17.58897757,-114.7156124,3441745.5,-51729.71484,32795.30469,43841.74609,7744.644531,-174.975174,3.29217087,,4.013540159,,1.906152844,1982735.7,148000.6045,3441745.5,,,,6963.384856,774.7896777,7620.708496,,,,15864.56882,695.4976837,43841.71094,"0.54545,3,1",NaN,"0.63636,11,1",NaN,"2,2",,,,,,,,,,,,,,,,,,,,,,,,,,,,,,,,,,,,,,,,,,,
Steel_1_2_83,47974426.68,3579633.133,-18277.05295,-44013.29422,105556.7183,11074.66314,107205.358,12633.89344,16960.96124,1116.422057,-6.564469817,-16.16327882,30123714,-981891.1875,114079.9453,119596.5938,8624.137695,-373.427948,2.937325909,,2.652883403,,1.108427167,47336998.19,3276676.661,30123714,,,,16735.58324,1021.935478,8624.137695,,,,107205.358,2737.889597,119596.0859,"0.45,10,1",NaN,"0.45,10,1",NaN,"1,9",,,,,,,,,,,,,,,,,,,,,,,,,,,,,,,,,,,,,,,,,,,
Steel_1_2_84,22636394.4,3117229.518,-26075.25849,-162694.259,69741.23519,12429.97904,71156.3979,14931.65063,12832.06914,1617.199843,-15.0760866,-92.22801577,14854194,-727218.4375,63628.76563,66953.33594,7222.16748,-426.752533,3.120271767,,3.580075587,,1.424980879,22143219.03,3041122.116,14746885,,,,12552.43149,1577.715783,7169.993164,,,,71153.63932,14931.65063,56635.85547,"0.43333,9,1",NaN,"0.43333,9,1",NaN,"1,9",,,,,,,,,,,,,,,,,,,,,,,,,,,,,,,,,,,,,,,,,,,
Steel_1_2_85,28740305.15,3314716.996,-1904.508832,-16499.58677,72004.23713,12338.84322,72383.65854,13144.34049,14459.02392,1398.823076,-0.954766574,-7.935009339,18235182,-36903.16406,58591.48438,66307.79688,7401.356934,-19.58932877,3.76619508,,3.38785342,,10.98259544,28740305.15,3107825.522,17785894,,,,14243.61513,678.7916773,7396.921875,,,,70356.65683,2791.758775,66307.53906,"0.51515,1,1",NaN,"0.54545,7,1",NaN,"2,7",,,,,,,,,,,,,,,,,,,,,,,,,,,,,,,,,,,,,,,,,,,
Steel_1_2_86,3719654.675,994702.5593,-227.6051375,-45513.06007,21015.30066,7852.944053,21804.17339,9931.169182,7628.056296,1611.155606,-0.400140907,-89.19530832,5641889,-84437.42969,40834.92578,47175.21094,8605.22168,-173.1587982,3.271899096,,3.562064784,,1.76851809,3716103.776,18681.26629,5641889,,,,7620.774848,31.16091651,8605.22168,,,,21451.88175,1080.605274,47175.21094,"0.6,5,1",NaN,"0.6,5,1",NaN,"1,3",,,,,,,,,,,,,,,,,,,,,,,,,,,,,,,,,,,,,,,,,,,
Steel_1_2_87,40221638.04,3615839.487,-208456.2842,-147494.7256,136426.8057,13313.24928,139765.7689,15298.23696,16969.17731,1395.051123,-88.17145864,-67.51036428,21196566,-944280.0625,118372.9219,133277.6563,7620.345215,-398.3870544,2.896425075,,3.021592646,,0.364339799,38735789.75,3173739.639,21196566,,,,16342.26558,1224.481635,7620.345215,,,,139765.7689,15298.23696,133277.6563,"0.4,10,1",NaN,"0.4,10,1",NaN,"1,10",,,,,,,,,,,,,,,,,,,,,,,,,,,,,,,,,,,,,,,,,,,
Steel_1_2_88,3671236.055,679806.0936,-666.0406779,-9161.468673,22588.81617,6047.645728,23256.49413,7038.092177,9056.450163,1275.775677,-1.67137083,-22.24714841,5564758,-27411.19922,38138.96094,52186.90234,9435.057617,-67.61952972,3.087277403,,3.102800517,,1.544686794,3671236.055,205827.2809,5564758,,,,9056.450163,385.9176905,9435.057617,,,,23256.49413,553.8625414,52186.90234,"0.57143,4,1",NaN,"0.57143,4,1",NaN,"1,4",,,,,,,,,,,,,,,,,,,,,,,,,,,,,,,,,,,,,,,,,,,
Steel_1_2_89,31243185.63,2681293.213,-4372.956719,-23362.06821,74740.45445,9760.766841,75434.16485,10597.15311,14354.48237,1109.055711,-2.020983599,-10.73355271,23367524,-1681020.125,74069.64063,88217.80469,8978.075195,-833.3592529,2.648737025,,2.758675497,,0.922920406,31134193.84,2412086.477,23367524,,,,14304.42065,997.704492,8978.075195,,,,75430.5527,9818.585988,88217.80469,"0.55556,1,1",NaN,"0.55556,1,1",NaN,"1,9",,,,,,,,,,,,,,,,,,,,,,,,,,,,,,,,,,,,,,,,,,,
Steel_1_2_90,5261921.618,1007647.009,-107499.3796,-226962.6503,34758.50365,7542.043372,37022.0705,9745.808315,13462.26946,1825.665685,-275.4521241,-553.6089747,4672344.5,-555640.4375,49927.11719,72494.17188,7771.689941,-1421.598145,3.888889977,,3.370033226,,1.556150675,5129602.491,178298.0006,4672344.5,,,,13123.72684,328.163841,7771.689941,,,,26871.64043,0,72494.17188,"0.5,3,1",NaN,"0.5,3,1",NaN,"1,7",,,,,,,,,,,,,,,,,,,,,,,,,,,,,,,,,,,,,,,,,,,
Steel_1_2_91,13057664.18,1560444.465,41.50583136,-3768.152428,50407.77728,8554.629262,51031.64286,9434.437772,11780.93483,1194.255842,-0.004063439,-3.441376118,11930888,-11225.19922,47939.5625,66902.17188,8316.066406,-10.12759304,3.061310022,,3.246232085,,1.499958396,12311536.16,1517659.059,11870651,,,,11243.84307,1161.510863,8316.066406,,,,50514.68125,1618.107303,66902.17188,"0.54545,9,1",NaN,"0.54545,9,1",NaN,"1,7",,,,,,,,,,,,,,,,,,,,,,,,,,,,,,,,,,,,,,,,,,,
Steel_1_2_92,15166596.93,2471944.817,-198740.4669,-228187.2088,76246.51914,12001.29854,79997.74754,14041.42129,12937.66287,1811.715288,-191.9699033,-194.6534893,11139969,-1273200.375,88492.05469,96181.1875,7596.342773,-1233.16333,3.181200912,,3.35128888,,1.39505744,15132516.7,2130030.215,11118234,,,,12908.64629,1561.122352,7581.521973,,,,79996.0796,12364.74911,70040.17188,"0.61905,1,1",NaN,"0.61905,1,1",NaN,"1,5",,,,,,,,,,,,,,,,,,,,,,,,,,,,,,,,,,,,,,,,,,,
Steel_1_2_93,10772097.35,1853460.982,-44822.70928,-41997.82164,51673.11478,10517.30739,51790.80026,11291.91127,10814.80261,947.4292107,-27.15720292,-25.38742224,11271057,-215647.625,70763.09375,81217.95313,10058.67383,-286.7892151,2.9885635,,2.805448616,,1.508313298,8108645.54,29663.41019,10298329,,,,10783.90244,31.27722808,10058.67383,,,,48530.03642,0,81217.95313,"0.58824,4,1",NaN,"0.58824,4,1",NaN,"1,4",,,,,,,,,,,,,,,,,,,,,,,,,,,,,,,,,,,,,,,,,,,
Steel_1_2_94,12220101.8,2425278.666,-8619.488563,-40450.62237,45249.14982,11395.52856,45953.83892,12011.4588,9399.975901,1614.927381,-6.649974434,-30.83288585,14188958,-133431.4688,70401.91406,75080.375,8754.679688,-102.6376953,3.220460075,,3.280854969,,1.45215416,12078054.54,1312421.682,14188958,,,,9290.671863,869.6434784,8754.679688,,,,44524.03957,4396.534613,74128.89844,"0.56522,5,1",NaN,"0.56522,5,1",NaN,"1,2",,,,,,,,,,,,,,,,,,,,,,,,,,,,,,,,,,,,,,,,,,,
Steel_1_2_95,11103168.01,1462496.101,-3724.720145,-9683.688592,45147.29225,8313.392868,45263.47655,8960.797896,10497.6701,1135.889666,-3.404475992,-8.705479833,11174846,-31495.43359,54469.71094,68978.15625,8729.758789,-32.65876389,3.316009861,,3.205834721,,1.476315975,10123642.7,735267.8601,11174846,,,,10497.65415,620.3328692,8729.758789,,,,44336.55536,2066.336549,68977.89844,"0.55,4,1",NaN,"0.55,4,1",NaN,"1,4",,,,,,,,,,,,,,,,,,,,,,,,,,,,,,,,,,,,,,,,,,,
Steel_1_2_96,29724048.8,3349775.095,-136258.5512,-249203.2843,96162.48114,13222.15359,99155.57659,15969.20077,16222.45413,1634.755736,-74.28558996,-136.0075481,20103900,-1121800.875,95062.53125,106345.4766,9148.212891,-656.7269287,2.24400679,,2.509776032,,1.489956856,29500883.94,3178896.984,20103900,,,,16100.68104,1551.363877,9148.212891,,,,98740.45387,1061.372116,106343.4453,"0.60714,1,1",NaN,"0.60714,1,1",NaN,"2,2",,,,,,,,,,,,,,,,,,,,,,,,,,,,,,,,,,,,,,,,,,,
Steel_1_2_97,51981628.49,5215443.152,-199653.2726,-257007.8968,127663.0466,17178.89574,132795.7808,19211.53772,13481.37031,2010.889642,-87.27831195,-111.7969476,31798598,-735998.5,108004.7813,114130.1797,5628.586426,-155.7247467,4.796644583,,4.801948362,,3.104124784,51981628.49,3951268.725,31798598,,,,13429.17437,1916.255122,5150.885254,,,,88127.39592,18975.74881,47664.40625,"0.52941,2,1",NaN,"0.58824,1,1",NaN,"1,7",,,,,,,,,,,,,,,,,,,,,,,,,,,,,,,,,,,,,,,,,,,
Steel_1_2_98,49166645.01,5180476.004,-14860.29258,-17580.12506,108142.4874,14523.34173,109158.8951,15099.82129,16822.70483,1591.728818,-5.199748774,-6.123562237,35792604,-64608.55469,86499.57031,99497.39063,10092.39355,-23.15069962,2.444772469,,2.220809345,,1.675477266,48152477.04,5175202.281,35792604,,,,16772.62506,1590.108439,10092.39355,,,,108881.2763,7773.135005,99496.07031,"0.51282,5,1",NaN,"0.51282,5,1",NaN,"2,4",,,,,,,,,,,,,,,,,,,,,,,,,,,,,,,,,,,,,,,,,,,
Steel_1_2_99,50501997.05,4740315.832,-31003.10627,-91857.94188,131272.2584,14096.0885,132708.0926,15923.19499,14395.92642,1232.24102,-8.950850465,-26.1847468,24588492,-466770.6563,83809.42188,90509.89063,5940.333984,-195.6577301,4.151661615,,4.188689515,,0.640507698,49389378.71,4403066.651,24535174,,,,14078.68763,1144.573386,5927.453125,,,,132703.3531,14108.59456,90509.89063,"0.43243,8,1",NaN,"0.43243,8,1",NaN,"1,8",,,,,,,,,,,,,,,,,,,,,,,,,,,,,,,,,,,,,,,,,,,
Steel_1_2_100,38196545.25,3816943.712,-785.2421589,-2676.712199,87565.54231,12134.09722,87766.75012,12689.90025,14399.92045,1276.467432,-0.312740897,-1.005161977,36285640,-9406.75,69836.47656,93344.01563,11211.88086,-3.745096922,2.360223707,,2.187267977,,1.513690948,38195229.23,3816943.712,36285640,,,,14343.12821,1276.467432,11211.88086,,,,86296.37545,6093.020646,93342.02344,"0.52778,6,1",NaN,"0.52778,6,1",NaN,"2,5",,,,,,,,,,,,,,,,,,,,,,,,,,,,,,,,,,,,,,,,,,,
